suite,program,function,ir_hash,state,prefix_passes,pass_name,inst_before,inst_after,rel_reduction,outcome,beneficial
polybench,2mm,main,36286c84d1de5608,baseline,,sroa,39,39,0.0,equal,0
polybench,2mm,main,36286c84d1de5608,baseline,,instcombine,39,28,0.282051,decreased,1
polybench,2mm,main,36286c84d1de5608,baseline,,simplifycfg,39,39,0.0,equal,0
polybench,2mm,main,36286c84d1de5608,baseline,,early-cse,39,28,0.282051,decreased,1
polybench,2mm,main,36286c84d1de5608,baseline,,gvn,39,28,0.282051,decreased,1
polybench,2mm,main,36286c84d1de5608,baseline,,sccp,39,39,0.0,equal,0
polybench,2mm,main,36286c84d1de5608,baseline,,adce,39,39,0.0,equal,0
polybench,2mm,main,36286c84d1de5608,baseline,,dse,39,39,0.0,equal,0
polybench,2mm,main,36286c84d1de5608,baseline,,reassociate,39,39,0.0,equal,0
polybench,2mm,main,36286c84d1de5608,baseline,,jump-threading,39,39,0.0,equal,0
polybench,2mm,main,36286c84d1de5608,baseline,,correlated-propagation,39,39,0.0,equal,0
polybench,2mm,main,36286c84d1de5608,baseline,,licm,39,39,0.0,equal,0
polybench,2mm,main,36286c84d1de5608,baseline,,loop-rotate,39,39,0.0,equal,0
polybench,2mm,main,36286c84d1de5608,baseline,,indvars,39,39,0.0,equal,0
polybench,2mm,main,36286c84d1de5608,baseline,,loop-deletion,39,39,0.0,equal,0
polybench,2mm,main,36286c84d1de5608,baseline,,loop-idiom,39,39,0.0,equal,0
polybench,2mm,main,36286c84d1de5608,baseline,,loop-unroll,39,39,0.0,equal,0
polybench,2mm,main,36286c84d1de5608,baseline,,tailcallelim,39,39,0.0,equal,0
polybench,2mm,main,36286c84d1de5608,prefix_0,loop-idiom,sroa,39,39,0.0,equal,0
polybench,2mm,main,36286c84d1de5608,prefix_0,loop-idiom,instcombine,39,28,0.282051,decreased,1
polybench,2mm,main,36286c84d1de5608,prefix_0,loop-idiom,simplifycfg,39,39,0.0,equal,0
polybench,2mm,main,36286c84d1de5608,prefix_0,loop-idiom,early-cse,39,28,0.282051,decreased,1
polybench,2mm,main,36286c84d1de5608,prefix_0,loop-idiom,gvn,39,28,0.282051,decreased,1
polybench,2mm,main,36286c84d1de5608,prefix_0,loop-idiom,sccp,39,39,0.0,equal,0
polybench,2mm,main,36286c84d1de5608,prefix_0,loop-idiom,adce,39,39,0.0,equal,0
polybench,2mm,main,36286c84d1de5608,prefix_0,loop-idiom,dse,39,39,0.0,equal,0
polybench,2mm,main,36286c84d1de5608,prefix_0,loop-idiom,reassociate,39,39,0.0,equal,0
polybench,2mm,main,36286c84d1de5608,prefix_0,loop-idiom,jump-threading,39,39,0.0,equal,0
polybench,2mm,main,36286c84d1de5608,prefix_0,loop-idiom,correlated-propagation,39,39,0.0,equal,0
polybench,2mm,main,36286c84d1de5608,prefix_0,loop-idiom,licm,39,39,0.0,equal,0
polybench,2mm,main,36286c84d1de5608,prefix_0,loop-idiom,loop-rotate,39,39,0.0,equal,0
polybench,2mm,main,36286c84d1de5608,prefix_0,loop-idiom,indvars,39,39,0.0,equal,0
polybench,2mm,main,36286c84d1de5608,prefix_0,loop-idiom,loop-deletion,39,39,0.0,equal,0
polybench,2mm,main,36286c84d1de5608,prefix_0,loop-idiom,loop-idiom,39,39,0.0,equal,0
polybench,2mm,main,36286c84d1de5608,prefix_0,loop-idiom,loop-unroll,39,39,0.0,equal,0
polybench,2mm,main,36286c84d1de5608,prefix_0,loop-idiom,tailcallelim,39,39,0.0,equal,0
polybench,2mm,main,36286c84d1de5608,prefix_1,dse;indvars;loop-unroll,sroa,39,39,0.0,equal,0
polybench,2mm,main,36286c84d1de5608,prefix_1,dse;indvars;loop-unroll,instcombine,39,28,0.282051,decreased,1
polybench,2mm,main,36286c84d1de5608,prefix_1,dse;indvars;loop-unroll,simplifycfg,39,39,0.0,equal,0
polybench,2mm,main,36286c84d1de5608,prefix_1,dse;indvars;loop-unroll,early-cse,39,28,0.282051,decreased,1
polybench,2mm,main,36286c84d1de5608,prefix_1,dse;indvars;loop-unroll,gvn,39,28,0.282051,decreased,1
polybench,2mm,main,36286c84d1de5608,prefix_1,dse;indvars;loop-unroll,sccp,39,39,0.0,equal,0
polybench,2mm,main,36286c84d1de5608,prefix_1,dse;indvars;loop-unroll,adce,39,39,0.0,equal,0
polybench,2mm,main,36286c84d1de5608,prefix_1,dse;indvars;loop-unroll,dse,39,39,0.0,equal,0
polybench,2mm,main,36286c84d1de5608,prefix_1,dse;indvars;loop-unroll,reassociate,39,39,0.0,equal,0
polybench,2mm,main,36286c84d1de5608,prefix_1,dse;indvars;loop-unroll,jump-threading,39,39,0.0,equal,0
polybench,2mm,main,36286c84d1de5608,prefix_1,dse;indvars;loop-unroll,correlated-propagation,39,39,0.0,equal,0
polybench,2mm,main,36286c84d1de5608,prefix_1,dse;indvars;loop-unroll,licm,39,39,0.0,equal,0
polybench,2mm,main,36286c84d1de5608,prefix_1,dse;indvars;loop-unroll,loop-rotate,39,39,0.0,equal,0
polybench,2mm,main,36286c84d1de5608,prefix_1,dse;indvars;loop-unroll,indvars,39,39,0.0,equal,0
polybench,2mm,main,36286c84d1de5608,prefix_1,dse;indvars;loop-unroll,loop-deletion,39,39,0.0,equal,0
polybench,2mm,main,36286c84d1de5608,prefix_1,dse;indvars;loop-unroll,loop-idiom,39,39,0.0,equal,0
polybench,2mm,main,36286c84d1de5608,prefix_1,dse;indvars;loop-unroll,loop-unroll,39,39,0.0,equal,0
polybench,2mm,main,36286c84d1de5608,prefix_1,dse;indvars;loop-unroll,tailcallelim,39,39,0.0,equal,0
polybench,2mm,main,36286c84d1de5608,prefix_2,adce;adce;indvars,sroa,39,39,0.0,equal,0
polybench,2mm,main,36286c84d1de5608,prefix_2,adce;adce;indvars,instcombine,39,28,0.282051,decreased,1
polybench,2mm,main,36286c84d1de5608,prefix_2,adce;adce;indvars,simplifycfg,39,39,0.0,equal,0
polybench,2mm,main,36286c84d1de5608,prefix_2,adce;adce;indvars,early-cse,39,28,0.282051,decreased,1
polybench,2mm,main,36286c84d1de5608,prefix_2,adce;adce;indvars,gvn,39,28,0.282051,decreased,1
polybench,2mm,main,36286c84d1de5608,prefix_2,adce;adce;indvars,sccp,39,39,0.0,equal,0
polybench,2mm,main,36286c84d1de5608,prefix_2,adce;adce;indvars,adce,39,39,0.0,equal,0
polybench,2mm,main,36286c84d1de5608,prefix_2,adce;adce;indvars,dse,39,39,0.0,equal,0
polybench,2mm,main,36286c84d1de5608,prefix_2,adce;adce;indvars,reassociate,39,39,0.0,equal,0
polybench,2mm,main,36286c84d1de5608,prefix_2,adce;adce;indvars,jump-threading,39,39,0.0,equal,0
polybench,2mm,main,36286c84d1de5608,prefix_2,adce;adce;indvars,correlated-propagation,39,39,0.0,equal,0
polybench,2mm,main,36286c84d1de5608,prefix_2,adce;adce;indvars,licm,39,39,0.0,equal,0
polybench,2mm,main,36286c84d1de5608,prefix_2,adce;adce;indvars,loop-rotate,39,39,0.0,equal,0
polybench,2mm,main,36286c84d1de5608,prefix_2,adce;adce;indvars,indvars,39,39,0.0,equal,0
polybench,2mm,main,36286c84d1de5608,prefix_2,adce;adce;indvars,loop-deletion,39,39,0.0,equal,0
polybench,2mm,main,36286c84d1de5608,prefix_2,adce;adce;indvars,loop-idiom,39,39,0.0,equal,0
polybench,2mm,main,36286c84d1de5608,prefix_2,adce;adce;indvars,loop-unroll,39,39,0.0,equal,0
polybench,2mm,main,36286c84d1de5608,prefix_2,adce;adce;indvars,tailcallelim,39,39,0.0,equal,0
polybench,2mm,init_array,544929a107080a2e,baseline,,sroa,136,136,0.0,equal,0
polybench,2mm,init_array,544929a107080a2e,baseline,,instcombine,136,132,0.029412,decreased,1
polybench,2mm,init_array,544929a107080a2e,baseline,,simplifycfg,136,106,0.220588,decreased,1
polybench,2mm,init_array,544929a107080a2e,baseline,,early-cse,136,135,0.007353,decreased,0
polybench,2mm,init_array,544929a107080a2e,baseline,,gvn,136,119,0.125,decreased,1
polybench,2mm,init_array,544929a107080a2e,baseline,,sccp,136,136,0.0,equal,0
polybench,2mm,init_array,544929a107080a2e,baseline,,adce,136,136,0.0,equal,0
polybench,2mm,init_array,544929a107080a2e,baseline,,dse,136,136,0.0,equal,0
polybench,2mm,init_array,544929a107080a2e,baseline,,reassociate,136,136,0.0,equal,0
polybench,2mm,init_array,544929a107080a2e,baseline,,jump-threading,136,120,0.117647,decreased,1
polybench,2mm,init_array,544929a107080a2e,baseline,,correlated-propagation,136,136,0.0,equal,0
polybench,2mm,init_array,544929a107080a2e,baseline,,licm,136,136,0.0,equal,0
polybench,2mm,init_array,544929a107080a2e,baseline,,loop-rotate,136,144,-0.058824,increased,0
polybench,2mm,init_array,544929a107080a2e,baseline,,indvars,136,143,-0.051471,increased,0
polybench,2mm,init_array,544929a107080a2e,baseline,,loop-deletion,136,136,0.0,equal,0
polybench,2mm,init_array,544929a107080a2e,baseline,,loop-idiom,136,136,0.0,equal,0
polybench,2mm,init_array,544929a107080a2e,baseline,,loop-unroll,136,136,0.0,equal,0
polybench,2mm,init_array,544929a107080a2e,baseline,,tailcallelim,136,136,0.0,equal,0
polybench,2mm,init_array,544929a107080a2e,prefix_0,dse,sroa,136,136,0.0,equal,0
polybench,2mm,init_array,544929a107080a2e,prefix_0,dse,instcombine,136,132,0.029412,decreased,1
polybench,2mm,init_array,544929a107080a2e,prefix_0,dse,simplifycfg,136,106,0.220588,decreased,1
polybench,2mm,init_array,544929a107080a2e,prefix_0,dse,early-cse,136,135,0.007353,decreased,0
polybench,2mm,init_array,544929a107080a2e,prefix_0,dse,gvn,136,119,0.125,decreased,1
polybench,2mm,init_array,544929a107080a2e,prefix_0,dse,sccp,136,136,0.0,equal,0
polybench,2mm,init_array,544929a107080a2e,prefix_0,dse,adce,136,136,0.0,equal,0
polybench,2mm,init_array,544929a107080a2e,prefix_0,dse,dse,136,136,0.0,equal,0
polybench,2mm,init_array,544929a107080a2e,prefix_0,dse,reassociate,136,136,0.0,equal,0
polybench,2mm,init_array,544929a107080a2e,prefix_0,dse,jump-threading,136,120,0.117647,decreased,1
polybench,2mm,init_array,544929a107080a2e,prefix_0,dse,correlated-propagation,136,136,0.0,equal,0
polybench,2mm,init_array,544929a107080a2e,prefix_0,dse,licm,136,136,0.0,equal,0
polybench,2mm,init_array,544929a107080a2e,prefix_0,dse,loop-rotate,136,144,-0.058824,increased,0
polybench,2mm,init_array,544929a107080a2e,prefix_0,dse,indvars,136,143,-0.051471,increased,0
polybench,2mm,init_array,544929a107080a2e,prefix_0,dse,loop-deletion,136,136,0.0,equal,0
polybench,2mm,init_array,544929a107080a2e,prefix_0,dse,loop-idiom,136,136,0.0,equal,0
polybench,2mm,init_array,544929a107080a2e,prefix_0,dse,loop-unroll,136,136,0.0,equal,0
polybench,2mm,init_array,544929a107080a2e,prefix_0,dse,tailcallelim,136,136,0.0,equal,0
polybench,2mm,init_array,544929a107080a2e,prefix_1,loop-idiom;gvn;adce,sroa,119,119,0.0,equal,0
polybench,2mm,init_array,544929a107080a2e,prefix_1,loop-idiom;gvn;adce,instcombine,119,115,0.033613,decreased,1
polybench,2mm,init_array,544929a107080a2e,prefix_1,loop-idiom;gvn;adce,simplifycfg,119,105,0.117647,decreased,1
polybench,2mm,init_array,544929a107080a2e,prefix_1,loop-idiom;gvn;adce,early-cse,119,119,0.0,equal,0
polybench,2mm,init_array,544929a107080a2e,prefix_1,loop-idiom;gvn;adce,gvn,119,119,0.0,equal,0
polybench,2mm,init_array,544929a107080a2e,prefix_1,loop-idiom;gvn;adce,sccp,119,119,0.0,equal,0
polybench,2mm,init_array,544929a107080a2e,prefix_1,loop-idiom;gvn;adce,adce,119,119,0.0,equal,0
polybench,2mm,init_array,544929a107080a2e,prefix_1,loop-idiom;gvn;adce,dse,119,119,0.0,equal,0
polybench,2mm,init_array,544929a107080a2e,prefix_1,loop-idiom;gvn;adce,reassociate,119,119,0.0,equal,0
polybench,2mm,init_array,544929a107080a2e,prefix_1,loop-idiom;gvn;adce,jump-threading,119,119,0.0,equal,0
polybench,2mm,init_array,544929a107080a2e,prefix_1,loop-idiom;gvn;adce,correlated-propagation,119,119,0.0,equal,0
polybench,2mm,init_array,544929a107080a2e,prefix_1,loop-idiom;gvn;adce,licm,119,119,0.0,equal,0
polybench,2mm,init_array,544929a107080a2e,prefix_1,loop-idiom;gvn;adce,loop-rotate,119,127,-0.067227,increased,0
polybench,2mm,init_array,544929a107080a2e,prefix_1,loop-idiom;gvn;adce,indvars,119,127,-0.067227,increased,0
polybench,2mm,init_array,544929a107080a2e,prefix_1,loop-idiom;gvn;adce,loop-deletion,119,119,0.0,equal,0
polybench,2mm,init_array,544929a107080a2e,prefix_1,loop-idiom;gvn;adce,loop-idiom,119,119,0.0,equal,0
polybench,2mm,init_array,544929a107080a2e,prefix_1,loop-idiom;gvn;adce,loop-unroll,119,119,0.0,equal,0
polybench,2mm,init_array,544929a107080a2e,prefix_1,loop-idiom;gvn;adce,tailcallelim,119,119,0.0,equal,0
polybench,2mm,init_array,544929a107080a2e,prefix_2,loop-unroll;sccp,sroa,136,136,0.0,equal,0
polybench,2mm,init_array,544929a107080a2e,prefix_2,loop-unroll;sccp,instcombine,136,132,0.029412,decreased,1
polybench,2mm,init_array,544929a107080a2e,prefix_2,loop-unroll;sccp,simplifycfg,136,106,0.220588,decreased,1
polybench,2mm,init_array,544929a107080a2e,prefix_2,loop-unroll;sccp,early-cse,136,135,0.007353,decreased,0
polybench,2mm,init_array,544929a107080a2e,prefix_2,loop-unroll;sccp,gvn,136,119,0.125,decreased,1
polybench,2mm,init_array,544929a107080a2e,prefix_2,loop-unroll;sccp,sccp,136,136,0.0,equal,0
polybench,2mm,init_array,544929a107080a2e,prefix_2,loop-unroll;sccp,adce,136,136,0.0,equal,0
polybench,2mm,init_array,544929a107080a2e,prefix_2,loop-unroll;sccp,dse,136,136,0.0,equal,0
polybench,2mm,init_array,544929a107080a2e,prefix_2,loop-unroll;sccp,reassociate,136,136,0.0,equal,0
polybench,2mm,init_array,544929a107080a2e,prefix_2,loop-unroll;sccp,jump-threading,136,120,0.117647,decreased,1
polybench,2mm,init_array,544929a107080a2e,prefix_2,loop-unroll;sccp,correlated-propagation,136,136,0.0,equal,0
polybench,2mm,init_array,544929a107080a2e,prefix_2,loop-unroll;sccp,licm,136,136,0.0,equal,0
polybench,2mm,init_array,544929a107080a2e,prefix_2,loop-unroll;sccp,loop-rotate,136,144,-0.058824,increased,0
polybench,2mm,init_array,544929a107080a2e,prefix_2,loop-unroll;sccp,indvars,136,143,-0.051471,increased,0
polybench,2mm,init_array,544929a107080a2e,prefix_2,loop-unroll;sccp,loop-deletion,136,136,0.0,equal,0
polybench,2mm,init_array,544929a107080a2e,prefix_2,loop-unroll;sccp,loop-idiom,136,136,0.0,equal,0
polybench,2mm,init_array,544929a107080a2e,prefix_2,loop-unroll;sccp,loop-unroll,136,136,0.0,equal,0
polybench,2mm,init_array,544929a107080a2e,prefix_2,loop-unroll;sccp,tailcallelim,136,136,0.0,equal,0
polybench,2mm,kernel_2mm,f672ef210b0dd29a,baseline,,sroa,114,114,0.0,equal,0
polybench,2mm,kernel_2mm,f672ef210b0dd29a,baseline,,instcombine,114,106,0.070175,decreased,1
polybench,2mm,kernel_2mm,f672ef210b0dd29a,baseline,,simplifycfg,114,96,0.157895,decreased,1
polybench,2mm,kernel_2mm,f672ef210b0dd29a,baseline,,early-cse,114,100,0.122807,decreased,1
polybench,2mm,kernel_2mm,f672ef210b0dd29a,baseline,,gvn,114,88,0.22807,decreased,1
polybench,2mm,kernel_2mm,f672ef210b0dd29a,baseline,,sccp,114,114,0.0,equal,0
polybench,2mm,kernel_2mm,f672ef210b0dd29a,baseline,,adce,114,114,0.0,equal,0
polybench,2mm,kernel_2mm,f672ef210b0dd29a,baseline,,dse,114,114,0.0,equal,0
polybench,2mm,kernel_2mm,f672ef210b0dd29a,baseline,,reassociate,114,114,0.0,equal,0
polybench,2mm,kernel_2mm,f672ef210b0dd29a,baseline,,jump-threading,114,102,0.105263,decreased,1
polybench,2mm,kernel_2mm,f672ef210b0dd29a,baseline,,correlated-propagation,114,114,0.0,equal,0
polybench,2mm,kernel_2mm,f672ef210b0dd29a,baseline,,licm,114,114,0.0,equal,0
polybench,2mm,kernel_2mm,f672ef210b0dd29a,baseline,,loop-rotate,114,120,-0.052632,increased,0
polybench,2mm,kernel_2mm,f672ef210b0dd29a,baseline,,indvars,114,108,0.052632,decreased,1
polybench,2mm,kernel_2mm,f672ef210b0dd29a,baseline,,loop-deletion,114,114,0.0,equal,0
polybench,2mm,kernel_2mm,f672ef210b0dd29a,baseline,,loop-idiom,114,114,0.0,equal,0
polybench,2mm,kernel_2mm,f672ef210b0dd29a,baseline,,loop-unroll,114,114,0.0,equal,0
polybench,2mm,kernel_2mm,f672ef210b0dd29a,baseline,,tailcallelim,114,114,0.0,equal,0
polybench,2mm,kernel_2mm,f672ef210b0dd29a,prefix_0,loop-unroll,sroa,114,114,0.0,equal,0
polybench,2mm,kernel_2mm,f672ef210b0dd29a,prefix_0,loop-unroll,instcombine,114,106,0.070175,decreased,1
polybench,2mm,kernel_2mm,f672ef210b0dd29a,prefix_0,loop-unroll,simplifycfg,114,96,0.157895,decreased,1
polybench,2mm,kernel_2mm,f672ef210b0dd29a,prefix_0,loop-unroll,early-cse,114,100,0.122807,decreased,1
polybench,2mm,kernel_2mm,f672ef210b0dd29a,prefix_0,loop-unroll,gvn,114,88,0.22807,decreased,1
polybench,2mm,kernel_2mm,f672ef210b0dd29a,prefix_0,loop-unroll,sccp,114,114,0.0,equal,0
polybench,2mm,kernel_2mm,f672ef210b0dd29a,prefix_0,loop-unroll,adce,114,114,0.0,equal,0
polybench,2mm,kernel_2mm,f672ef210b0dd29a,prefix_0,loop-unroll,dse,114,114,0.0,equal,0
polybench,2mm,kernel_2mm,f672ef210b0dd29a,prefix_0,loop-unroll,reassociate,114,114,0.0,equal,0
polybench,2mm,kernel_2mm,f672ef210b0dd29a,prefix_0,loop-unroll,jump-threading,114,102,0.105263,decreased,1
polybench,2mm,kernel_2mm,f672ef210b0dd29a,prefix_0,loop-unroll,correlated-propagation,114,114,0.0,equal,0
polybench,2mm,kernel_2mm,f672ef210b0dd29a,prefix_0,loop-unroll,licm,114,114,0.0,equal,0
polybench,2mm,kernel_2mm,f672ef210b0dd29a,prefix_0,loop-unroll,loop-rotate,114,120,-0.052632,increased,0
polybench,2mm,kernel_2mm,f672ef210b0dd29a,prefix_0,loop-unroll,indvars,114,108,0.052632,decreased,1
polybench,2mm,kernel_2mm,f672ef210b0dd29a,prefix_0,loop-unroll,loop-deletion,114,114,0.0,equal,0
polybench,2mm,kernel_2mm,f672ef210b0dd29a,prefix_0,loop-unroll,loop-idiom,114,114,0.0,equal,0
polybench,2mm,kernel_2mm,f672ef210b0dd29a,prefix_0,loop-unroll,loop-unroll,114,114,0.0,equal,0
polybench,2mm,kernel_2mm,f672ef210b0dd29a,prefix_0,loop-unroll,tailcallelim,114,114,0.0,equal,0
polybench,2mm,kernel_2mm,f672ef210b0dd29a,prefix_1,dse;sccp;loop-idiom,sroa,114,114,0.0,equal,0
polybench,2mm,kernel_2mm,f672ef210b0dd29a,prefix_1,dse;sccp;loop-idiom,instcombine,114,106,0.070175,decreased,1
polybench,2mm,kernel_2mm,f672ef210b0dd29a,prefix_1,dse;sccp;loop-idiom,simplifycfg,114,96,0.157895,decreased,1
polybench,2mm,kernel_2mm,f672ef210b0dd29a,prefix_1,dse;sccp;loop-idiom,early-cse,114,100,0.122807,decreased,1
polybench,2mm,kernel_2mm,f672ef210b0dd29a,prefix_1,dse;sccp;loop-idiom,gvn,114,88,0.22807,decreased,1
polybench,2mm,kernel_2mm,f672ef210b0dd29a,prefix_1,dse;sccp;loop-idiom,sccp,114,114,0.0,equal,0
polybench,2mm,kernel_2mm,f672ef210b0dd29a,prefix_1,dse;sccp;loop-idiom,adce,114,114,0.0,equal,0
polybench,2mm,kernel_2mm,f672ef210b0dd29a,prefix_1,dse;sccp;loop-idiom,dse,114,114,0.0,equal,0
polybench,2mm,kernel_2mm,f672ef210b0dd29a,prefix_1,dse;sccp;loop-idiom,reassociate,114,114,0.0,equal,0
polybench,2mm,kernel_2mm,f672ef210b0dd29a,prefix_1,dse;sccp;loop-idiom,jump-threading,114,102,0.105263,decreased,1
polybench,2mm,kernel_2mm,f672ef210b0dd29a,prefix_1,dse;sccp;loop-idiom,correlated-propagation,114,114,0.0,equal,0
polybench,2mm,kernel_2mm,f672ef210b0dd29a,prefix_1,dse;sccp;loop-idiom,licm,114,114,0.0,equal,0
polybench,2mm,kernel_2mm,f672ef210b0dd29a,prefix_1,dse;sccp;loop-idiom,loop-rotate,114,120,-0.052632,increased,0
polybench,2mm,kernel_2mm,f672ef210b0dd29a,prefix_1,dse;sccp;loop-idiom,indvars,114,108,0.052632,decreased,1
polybench,2mm,kernel_2mm,f672ef210b0dd29a,prefix_1,dse;sccp;loop-idiom,loop-deletion,114,114,0.0,equal,0
polybench,2mm,kernel_2mm,f672ef210b0dd29a,prefix_1,dse;sccp;loop-idiom,loop-idiom,114,114,0.0,equal,0
polybench,2mm,kernel_2mm,f672ef210b0dd29a,prefix_1,dse;sccp;loop-idiom,loop-unroll,114,114,0.0,equal,0
polybench,2mm,kernel_2mm,f672ef210b0dd29a,prefix_1,dse;sccp;loop-idiom,tailcallelim,114,114,0.0,equal,0
polybench,2mm,kernel_2mm,f672ef210b0dd29a,prefix_2,correlated-propagation,sroa,114,114,0.0,equal,0
polybench,2mm,kernel_2mm,f672ef210b0dd29a,prefix_2,correlated-propagation,instcombine,114,106,0.070175,decreased,1
polybench,2mm,kernel_2mm,f672ef210b0dd29a,prefix_2,correlated-propagation,simplifycfg,114,96,0.157895,decreased,1
polybench,2mm,kernel_2mm,f672ef210b0dd29a,prefix_2,correlated-propagation,early-cse,114,100,0.122807,decreased,1
polybench,2mm,kernel_2mm,f672ef210b0dd29a,prefix_2,correlated-propagation,gvn,114,88,0.22807,decreased,1
polybench,2mm,kernel_2mm,f672ef210b0dd29a,prefix_2,correlated-propagation,sccp,114,114,0.0,equal,0
polybench,2mm,kernel_2mm,f672ef210b0dd29a,prefix_2,correlated-propagation,adce,114,114,0.0,equal,0
polybench,2mm,kernel_2mm,f672ef210b0dd29a,prefix_2,correlated-propagation,dse,114,114,0.0,equal,0
polybench,2mm,kernel_2mm,f672ef210b0dd29a,prefix_2,correlated-propagation,reassociate,114,114,0.0,equal,0
polybench,2mm,kernel_2mm,f672ef210b0dd29a,prefix_2,correlated-propagation,jump-threading,114,102,0.105263,decreased,1
polybench,2mm,kernel_2mm,f672ef210b0dd29a,prefix_2,correlated-propagation,correlated-propagation,114,114,0.0,equal,0
polybench,2mm,kernel_2mm,f672ef210b0dd29a,prefix_2,correlated-propagation,licm,114,114,0.0,equal,0
polybench,2mm,kernel_2mm,f672ef210b0dd29a,prefix_2,correlated-propagation,loop-rotate,114,120,-0.052632,increased,0
polybench,2mm,kernel_2mm,f672ef210b0dd29a,prefix_2,correlated-propagation,indvars,114,108,0.052632,decreased,1
polybench,2mm,kernel_2mm,f672ef210b0dd29a,prefix_2,correlated-propagation,loop-deletion,114,114,0.0,equal,0
polybench,2mm,kernel_2mm,f672ef210b0dd29a,prefix_2,correlated-propagation,loop-idiom,114,114,0.0,equal,0
polybench,2mm,kernel_2mm,f672ef210b0dd29a,prefix_2,correlated-propagation,loop-unroll,114,114,0.0,equal,0
polybench,2mm,kernel_2mm,f672ef210b0dd29a,prefix_2,correlated-propagation,tailcallelim,114,114,0.0,equal,0
polybench,2mm,print_array,d4840a4bf34f7e83,baseline,,sroa,48,48,0.0,equal,0
polybench,2mm,print_array,d4840a4bf34f7e83,baseline,,instcombine,48,47,0.020833,decreased,1
polybench,2mm,print_array,d4840a4bf34f7e83,baseline,,simplifycfg,48,42,0.125,decreased,1
polybench,2mm,print_array,d4840a4bf34f7e83,baseline,,early-cse,48,48,0.0,equal,0
polybench,2mm,print_array,d4840a4bf34f7e83,baseline,,gvn,48,44,0.083333,decreased,1
polybench,2mm,print_array,d4840a4bf34f7e83,baseline,,sccp,48,48,0.0,equal,0
polybench,2mm,print_array,d4840a4bf34f7e83,baseline,,adce,48,48,0.0,equal,0
polybench,2mm,print_array,d4840a4bf34f7e83,baseline,,dse,48,48,0.0,equal,0
polybench,2mm,print_array,d4840a4bf34f7e83,baseline,,reassociate,48,48,0.0,equal,0
polybench,2mm,print_array,d4840a4bf34f7e83,baseline,,jump-threading,48,44,0.083333,decreased,1
polybench,2mm,print_array,d4840a4bf34f7e83,baseline,,correlated-propagation,48,48,0.0,equal,0
polybench,2mm,print_array,d4840a4bf34f7e83,baseline,,licm,48,48,0.0,equal,0
polybench,2mm,print_array,d4840a4bf34f7e83,baseline,,loop-rotate,48,50,-0.041667,increased,0
polybench,2mm,print_array,d4840a4bf34f7e83,baseline,,indvars,48,52,-0.083333,increased,0
polybench,2mm,print_array,d4840a4bf34f7e83,baseline,,loop-deletion,48,48,0.0,equal,0
polybench,2mm,print_array,d4840a4bf34f7e83,baseline,,loop-idiom,48,48,0.0,equal,0
polybench,2mm,print_array,d4840a4bf34f7e83,baseline,,loop-unroll,48,48,0.0,equal,0
polybench,2mm,print_array,d4840a4bf34f7e83,baseline,,tailcallelim,48,48,0.0,equal,0
polybench,2mm,print_array,d4840a4bf34f7e83,prefix_0,loop-idiom;jump-threading;loop-unroll,sroa,44,44,0.0,equal,0
polybench,2mm,print_array,d4840a4bf34f7e83,prefix_0,loop-idiom;jump-threading;loop-unroll,instcombine,44,43,0.022727,decreased,1
polybench,2mm,print_array,d4840a4bf34f7e83,prefix_0,loop-idiom;jump-threading;loop-unroll,simplifycfg,44,42,0.045455,decreased,1
polybench,2mm,print_array,d4840a4bf34f7e83,prefix_0,loop-idiom;jump-threading;loop-unroll,early-cse,44,44,0.0,equal,0
polybench,2mm,print_array,d4840a4bf34f7e83,prefix_0,loop-idiom;jump-threading;loop-unroll,gvn,44,44,0.0,equal,0
polybench,2mm,print_array,d4840a4bf34f7e83,prefix_0,loop-idiom;jump-threading;loop-unroll,sccp,44,44,0.0,equal,0
polybench,2mm,print_array,d4840a4bf34f7e83,prefix_0,loop-idiom;jump-threading;loop-unroll,adce,44,44,0.0,equal,0
polybench,2mm,print_array,d4840a4bf34f7e83,prefix_0,loop-idiom;jump-threading;loop-unroll,dse,44,44,0.0,equal,0
polybench,2mm,print_array,d4840a4bf34f7e83,prefix_0,loop-idiom;jump-threading;loop-unroll,reassociate,44,44,0.0,equal,0
polybench,2mm,print_array,d4840a4bf34f7e83,prefix_0,loop-idiom;jump-threading;loop-unroll,jump-threading,44,44,0.0,equal,0
polybench,2mm,print_array,d4840a4bf34f7e83,prefix_0,loop-idiom;jump-threading;loop-unroll,correlated-propagation,44,44,0.0,equal,0
polybench,2mm,print_array,d4840a4bf34f7e83,prefix_0,loop-idiom;jump-threading;loop-unroll,licm,44,44,0.0,equal,0
polybench,2mm,print_array,d4840a4bf34f7e83,prefix_0,loop-idiom;jump-threading;loop-unroll,loop-rotate,44,46,-0.045455,increased,0
polybench,2mm,print_array,d4840a4bf34f7e83,prefix_0,loop-idiom;jump-threading;loop-unroll,indvars,44,48,-0.090909,increased,0
polybench,2mm,print_array,d4840a4bf34f7e83,prefix_0,loop-idiom;jump-threading;loop-unroll,loop-deletion,44,44,0.0,equal,0
polybench,2mm,print_array,d4840a4bf34f7e83,prefix_0,loop-idiom;jump-threading;loop-unroll,loop-idiom,44,44,0.0,equal,0
polybench,2mm,print_array,d4840a4bf34f7e83,prefix_0,loop-idiom;jump-threading;loop-unroll,loop-unroll,44,44,0.0,equal,0
polybench,2mm,print_array,d4840a4bf34f7e83,prefix_0,loop-idiom;jump-threading;loop-unroll,tailcallelim,44,44,0.0,equal,0
polybench,2mm,print_array,d4840a4bf34f7e83,prefix_1,reassociate;tailcallelim;loop-idiom,sroa,48,48,0.0,equal,0
polybench,2mm,print_array,d4840a4bf34f7e83,prefix_1,reassociate;tailcallelim;loop-idiom,instcombine,48,47,0.020833,decreased,1
polybench,2mm,print_array,d4840a4bf34f7e83,prefix_1,reassociate;tailcallelim;loop-idiom,simplifycfg,48,42,0.125,decreased,1
polybench,2mm,print_array,d4840a4bf34f7e83,prefix_1,reassociate;tailcallelim;loop-idiom,early-cse,48,48,0.0,equal,0
polybench,2mm,print_array,d4840a4bf34f7e83,prefix_1,reassociate;tailcallelim;loop-idiom,gvn,48,44,0.083333,decreased,1
polybench,2mm,print_array,d4840a4bf34f7e83,prefix_1,reassociate;tailcallelim;loop-idiom,sccp,48,48,0.0,equal,0
polybench,2mm,print_array,d4840a4bf34f7e83,prefix_1,reassociate;tailcallelim;loop-idiom,adce,48,48,0.0,equal,0
polybench,2mm,print_array,d4840a4bf34f7e83,prefix_1,reassociate;tailcallelim;loop-idiom,dse,48,48,0.0,equal,0
polybench,2mm,print_array,d4840a4bf34f7e83,prefix_1,reassociate;tailcallelim;loop-idiom,reassociate,48,48,0.0,equal,0
polybench,2mm,print_array,d4840a4bf34f7e83,prefix_1,reassociate;tailcallelim;loop-idiom,jump-threading,48,44,0.083333,decreased,1
polybench,2mm,print_array,d4840a4bf34f7e83,prefix_1,reassociate;tailcallelim;loop-idiom,correlated-propagation,48,48,0.0,equal,0
polybench,2mm,print_array,d4840a4bf34f7e83,prefix_1,reassociate;tailcallelim;loop-idiom,licm,48,48,0.0,equal,0
polybench,2mm,print_array,d4840a4bf34f7e83,prefix_1,reassociate;tailcallelim;loop-idiom,loop-rotate,48,50,-0.041667,increased,0
polybench,2mm,print_array,d4840a4bf34f7e83,prefix_1,reassociate;tailcallelim;loop-idiom,indvars,48,52,-0.083333,increased,0
polybench,2mm,print_array,d4840a4bf34f7e83,prefix_1,reassociate;tailcallelim;loop-idiom,loop-deletion,48,48,0.0,equal,0
polybench,2mm,print_array,d4840a4bf34f7e83,prefix_1,reassociate;tailcallelim;loop-idiom,loop-idiom,48,48,0.0,equal,0
polybench,2mm,print_array,d4840a4bf34f7e83,prefix_1,reassociate;tailcallelim;loop-idiom,loop-unroll,48,48,0.0,equal,0
polybench,2mm,print_array,d4840a4bf34f7e83,prefix_1,reassociate;tailcallelim;loop-idiom,tailcallelim,48,48,0.0,equal,0
polybench,2mm,print_array,d4840a4bf34f7e83,prefix_2,licm;loop-unroll,sroa,48,48,0.0,equal,0
polybench,2mm,print_array,d4840a4bf34f7e83,prefix_2,licm;loop-unroll,instcombine,48,47,0.020833,decreased,1
polybench,2mm,print_array,d4840a4bf34f7e83,prefix_2,licm;loop-unroll,simplifycfg,48,44,0.083333,decreased,1
polybench,2mm,print_array,d4840a4bf34f7e83,prefix_2,licm;loop-unroll,early-cse,48,48,0.0,equal,0
polybench,2mm,print_array,d4840a4bf34f7e83,prefix_2,licm;loop-unroll,gvn,48,44,0.083333,decreased,1
polybench,2mm,print_array,d4840a4bf34f7e83,prefix_2,licm;loop-unroll,sccp,48,48,0.0,equal,0
polybench,2mm,print_array,d4840a4bf34f7e83,prefix_2,licm;loop-unroll,adce,48,48,0.0,equal,0
polybench,2mm,print_array,d4840a4bf34f7e83,prefix_2,licm;loop-unroll,dse,48,48,0.0,equal,0
polybench,2mm,print_array,d4840a4bf34f7e83,prefix_2,licm;loop-unroll,reassociate,48,48,0.0,equal,0
polybench,2mm,print_array,d4840a4bf34f7e83,prefix_2,licm;loop-unroll,jump-threading,48,44,0.083333,decreased,1
polybench,2mm,print_array,d4840a4bf34f7e83,prefix_2,licm;loop-unroll,correlated-propagation,48,48,0.0,equal,0
polybench,2mm,print_array,d4840a4bf34f7e83,prefix_2,licm;loop-unroll,licm,48,48,0.0,equal,0
polybench,2mm,print_array,d4840a4bf34f7e83,prefix_2,licm;loop-unroll,loop-rotate,48,50,-0.041667,increased,0
polybench,2mm,print_array,d4840a4bf34f7e83,prefix_2,licm;loop-unroll,indvars,48,52,-0.083333,increased,0
polybench,2mm,print_array,d4840a4bf34f7e83,prefix_2,licm;loop-unroll,loop-deletion,48,48,0.0,equal,0
polybench,2mm,print_array,d4840a4bf34f7e83,prefix_2,licm;loop-unroll,loop-idiom,48,48,0.0,equal,0
polybench,2mm,print_array,d4840a4bf34f7e83,prefix_2,licm;loop-unroll,loop-unroll,48,48,0.0,equal,0
polybench,2mm,print_array,d4840a4bf34f7e83,prefix_2,licm;loop-unroll,tailcallelim,48,48,0.0,equal,0
polybench,atax,main,a7203da1e888f07a,baseline,,sroa,30,30,0.0,equal,0
polybench,atax,main,a7203da1e888f07a,baseline,,instcombine,30,22,0.266667,decreased,1
polybench,atax,main,a7203da1e888f07a,baseline,,simplifycfg,30,30,0.0,equal,0
polybench,atax,main,a7203da1e888f07a,baseline,,early-cse,30,22,0.266667,decreased,1
polybench,atax,main,a7203da1e888f07a,baseline,,gvn,30,22,0.266667,decreased,1
polybench,atax,main,a7203da1e888f07a,baseline,,sccp,30,30,0.0,equal,0
polybench,atax,main,a7203da1e888f07a,baseline,,adce,30,30,0.0,equal,0
polybench,atax,main,a7203da1e888f07a,baseline,,dse,30,30,0.0,equal,0
polybench,atax,main,a7203da1e888f07a,baseline,,reassociate,30,30,0.0,equal,0
polybench,atax,main,a7203da1e888f07a,baseline,,jump-threading,30,30,0.0,equal,0
polybench,atax,main,a7203da1e888f07a,baseline,,correlated-propagation,30,30,0.0,equal,0
polybench,atax,main,a7203da1e888f07a,baseline,,licm,30,30,0.0,equal,0
polybench,atax,main,a7203da1e888f07a,baseline,,loop-rotate,30,30,0.0,equal,0
polybench,atax,main,a7203da1e888f07a,baseline,,indvars,30,30,0.0,equal,0
polybench,atax,main,a7203da1e888f07a,baseline,,loop-deletion,30,30,0.0,equal,0
polybench,atax,main,a7203da1e888f07a,baseline,,loop-idiom,30,30,0.0,equal,0
polybench,atax,main,a7203da1e888f07a,baseline,,loop-unroll,30,30,0.0,equal,0
polybench,atax,main,a7203da1e888f07a,baseline,,tailcallelim,30,30,0.0,equal,0
polybench,atax,main,a7203da1e888f07a,prefix_0,licm;reassociate;tailcallelim,sroa,30,30,0.0,equal,0
polybench,atax,main,a7203da1e888f07a,prefix_0,licm;reassociate;tailcallelim,instcombine,30,22,0.266667,decreased,1
polybench,atax,main,a7203da1e888f07a,prefix_0,licm;reassociate;tailcallelim,simplifycfg,30,30,0.0,equal,0
polybench,atax,main,a7203da1e888f07a,prefix_0,licm;reassociate;tailcallelim,early-cse,30,22,0.266667,decreased,1
polybench,atax,main,a7203da1e888f07a,prefix_0,licm;reassociate;tailcallelim,gvn,30,22,0.266667,decreased,1
polybench,atax,main,a7203da1e888f07a,prefix_0,licm;reassociate;tailcallelim,sccp,30,30,0.0,equal,0
polybench,atax,main,a7203da1e888f07a,prefix_0,licm;reassociate;tailcallelim,adce,30,30,0.0,equal,0
polybench,atax,main,a7203da1e888f07a,prefix_0,licm;reassociate;tailcallelim,dse,30,30,0.0,equal,0
polybench,atax,main,a7203da1e888f07a,prefix_0,licm;reassociate;tailcallelim,reassociate,30,30,0.0,equal,0
polybench,atax,main,a7203da1e888f07a,prefix_0,licm;reassociate;tailcallelim,jump-threading,30,30,0.0,equal,0
polybench,atax,main,a7203da1e888f07a,prefix_0,licm;reassociate;tailcallelim,correlated-propagation,30,30,0.0,equal,0
polybench,atax,main,a7203da1e888f07a,prefix_0,licm;reassociate;tailcallelim,licm,30,30,0.0,equal,0
polybench,atax,main,a7203da1e888f07a,prefix_0,licm;reassociate;tailcallelim,loop-rotate,30,30,0.0,equal,0
polybench,atax,main,a7203da1e888f07a,prefix_0,licm;reassociate;tailcallelim,indvars,30,30,0.0,equal,0
polybench,atax,main,a7203da1e888f07a,prefix_0,licm;reassociate;tailcallelim,loop-deletion,30,30,0.0,equal,0
polybench,atax,main,a7203da1e888f07a,prefix_0,licm;reassociate;tailcallelim,loop-idiom,30,30,0.0,equal,0
polybench,atax,main,a7203da1e888f07a,prefix_0,licm;reassociate;tailcallelim,loop-unroll,30,30,0.0,equal,0
polybench,atax,main,a7203da1e888f07a,prefix_0,licm;reassociate;tailcallelim,tailcallelim,30,30,0.0,equal,0
polybench,atax,main,a7203da1e888f07a,prefix_1,reassociate;sroa;gvn,sroa,22,22,0.0,equal,0
polybench,atax,main,a7203da1e888f07a,prefix_1,reassociate;sroa;gvn,instcombine,22,22,0.0,equal,0
polybench,atax,main,a7203da1e888f07a,prefix_1,reassociate;sroa;gvn,simplifycfg,22,22,0.0,equal,0
polybench,atax,main,a7203da1e888f07a,prefix_1,reassociate;sroa;gvn,early-cse,22,22,0.0,equal,0
polybench,atax,main,a7203da1e888f07a,prefix_1,reassociate;sroa;gvn,gvn,22,22,0.0,equal,0
polybench,atax,main,a7203da1e888f07a,prefix_1,reassociate;sroa;gvn,sccp,22,22,0.0,equal,0
polybench,atax,main,a7203da1e888f07a,prefix_1,reassociate;sroa;gvn,adce,22,22,0.0,equal,0
polybench,atax,main,a7203da1e888f07a,prefix_1,reassociate;sroa;gvn,dse,22,22,0.0,equal,0
polybench,atax,main,a7203da1e888f07a,prefix_1,reassociate;sroa;gvn,reassociate,22,22,0.0,equal,0
polybench,atax,main,a7203da1e888f07a,prefix_1,reassociate;sroa;gvn,jump-threading,22,22,0.0,equal,0
polybench,atax,main,a7203da1e888f07a,prefix_1,reassociate;sroa;gvn,correlated-propagation,22,22,0.0,equal,0
polybench,atax,main,a7203da1e888f07a,prefix_1,reassociate;sroa;gvn,licm,22,22,0.0,equal,0
polybench,atax,main,a7203da1e888f07a,prefix_1,reassociate;sroa;gvn,loop-rotate,22,22,0.0,equal,0
polybench,atax,main,a7203da1e888f07a,prefix_1,reassociate;sroa;gvn,indvars,22,22,0.0,equal,0
polybench,atax,main,a7203da1e888f07a,prefix_1,reassociate;sroa;gvn,loop-deletion,22,22,0.0,equal,0
polybench,atax,main,a7203da1e888f07a,prefix_1,reassociate;sroa;gvn,loop-idiom,22,22,0.0,equal,0
polybench,atax,main,a7203da1e888f07a,prefix_1,reassociate;sroa;gvn,loop-unroll,22,22,0.0,equal,0
polybench,atax,main,a7203da1e888f07a,prefix_1,reassociate;sroa;gvn,tailcallelim,22,22,0.0,equal,0
polybench,atax,main,a7203da1e888f07a,prefix_2,tailcallelim,sroa,30,30,0.0,equal,0
polybench,atax,main,a7203da1e888f07a,prefix_2,tailcallelim,instcombine,30,22,0.266667,decreased,1
polybench,atax,main,a7203da1e888f07a,prefix_2,tailcallelim,simplifycfg,30,30,0.0,equal,0
polybench,atax,main,a7203da1e888f07a,prefix_2,tailcallelim,early-cse,30,22,0.266667,decreased,1
polybench,atax,main,a7203da1e888f07a,prefix_2,tailcallelim,gvn,30,22,0.266667,decreased,1
polybench,atax,main,a7203da1e888f07a,prefix_2,tailcallelim,sccp,30,30,0.0,equal,0
polybench,atax,main,a7203da1e888f07a,prefix_2,tailcallelim,adce,30,30,0.0,equal,0
polybench,atax,main,a7203da1e888f07a,prefix_2,tailcallelim,dse,30,30,0.0,equal,0
polybench,atax,main,a7203da1e888f07a,prefix_2,tailcallelim,reassociate,30,30,0.0,equal,0
polybench,atax,main,a7203da1e888f07a,prefix_2,tailcallelim,jump-threading,30,30,0.0,equal,0
polybench,atax,main,a7203da1e888f07a,prefix_2,tailcallelim,correlated-propagation,30,30,0.0,equal,0
polybench,atax,main,a7203da1e888f07a,prefix_2,tailcallelim,licm,30,30,0.0,equal,0
polybench,atax,main,a7203da1e888f07a,prefix_2,tailcallelim,loop-rotate,30,30,0.0,equal,0
polybench,atax,main,a7203da1e888f07a,prefix_2,tailcallelim,indvars,30,30,0.0,equal,0
polybench,atax,main,a7203da1e888f07a,prefix_2,tailcallelim,loop-deletion,30,30,0.0,equal,0
polybench,atax,main,a7203da1e888f07a,prefix_2,tailcallelim,loop-idiom,30,30,0.0,equal,0
polybench,atax,main,a7203da1e888f07a,prefix_2,tailcallelim,loop-unroll,30,30,0.0,equal,0
polybench,atax,main,a7203da1e888f07a,prefix_2,tailcallelim,tailcallelim,30,30,0.0,equal,0
polybench,atax,init_array,6c56bb3fa202944d,baseline,,sroa,52,52,0.0,equal,0
polybench,atax,init_array,6c56bb3fa202944d,baseline,,instcombine,52,51,0.019231,decreased,1
polybench,atax,init_array,6c56bb3fa202944d,baseline,,simplifycfg,52,42,0.192308,decreased,1
polybench,atax,init_array,6c56bb3fa202944d,baseline,,early-cse,52,52,0.0,equal,0
polybench,atax,init_array,6c56bb3fa202944d,baseline,,gvn,52,46,0.115385,decreased,1
polybench,atax,init_array,6c56bb3fa202944d,baseline,,sccp,52,52,0.0,equal,0
polybench,atax,init_array,6c56bb3fa202944d,baseline,,adce,52,52,0.0,equal,0
polybench,atax,init_array,6c56bb3fa202944d,baseline,,dse,52,52,0.0,equal,0
polybench,atax,init_array,6c56bb3fa202944d,baseline,,reassociate,52,52,0.0,equal,0
polybench,atax,init_array,6c56bb3fa202944d,baseline,,jump-threading,52,46,0.115385,decreased,1
polybench,atax,init_array,6c56bb3fa202944d,baseline,,correlated-propagation,52,52,0.0,equal,0
polybench,atax,init_array,6c56bb3fa202944d,baseline,,licm,52,52,0.0,equal,0
polybench,atax,init_array,6c56bb3fa202944d,baseline,,loop-rotate,52,55,-0.057692,increased,0
polybench,atax,init_array,6c56bb3fa202944d,baseline,,indvars,52,56,-0.076923,increased,0
polybench,atax,init_array,6c56bb3fa202944d,baseline,,loop-deletion,52,52,0.0,equal,0
polybench,atax,init_array,6c56bb3fa202944d,baseline,,loop-idiom,52,52,0.0,equal,0
polybench,atax,init_array,6c56bb3fa202944d,baseline,,loop-unroll,52,52,0.0,equal,0
polybench,atax,init_array,6c56bb3fa202944d,baseline,,tailcallelim,52,52,0.0,equal,0
polybench,atax,init_array,6c56bb3fa202944d,prefix_0,dse;correlated-propagation,sroa,52,52,0.0,equal,0
polybench,atax,init_array,6c56bb3fa202944d,prefix_0,dse;correlated-propagation,instcombine,52,51,0.019231,decreased,1
polybench,atax,init_array,6c56bb3fa202944d,prefix_0,dse;correlated-propagation,simplifycfg,52,42,0.192308,decreased,1
polybench,atax,init_array,6c56bb3fa202944d,prefix_0,dse;correlated-propagation,early-cse,52,52,0.0,equal,0
polybench,atax,init_array,6c56bb3fa202944d,prefix_0,dse;correlated-propagation,gvn,52,46,0.115385,decreased,1
polybench,atax,init_array,6c56bb3fa202944d,prefix_0,dse;correlated-propagation,sccp,52,52,0.0,equal,0
polybench,atax,init_array,6c56bb3fa202944d,prefix_0,dse;correlated-propagation,adce,52,52,0.0,equal,0
polybench,atax,init_array,6c56bb3fa202944d,prefix_0,dse;correlated-propagation,dse,52,52,0.0,equal,0
polybench,atax,init_array,6c56bb3fa202944d,prefix_0,dse;correlated-propagation,reassociate,52,52,0.0,equal,0
polybench,atax,init_array,6c56bb3fa202944d,prefix_0,dse;correlated-propagation,jump-threading,52,46,0.115385,decreased,1
polybench,atax,init_array,6c56bb3fa202944d,prefix_0,dse;correlated-propagation,correlated-propagation,52,52,0.0,equal,0
polybench,atax,init_array,6c56bb3fa202944d,prefix_0,dse;correlated-propagation,licm,52,52,0.0,equal,0
polybench,atax,init_array,6c56bb3fa202944d,prefix_0,dse;correlated-propagation,loop-rotate,52,55,-0.057692,increased,0
polybench,atax,init_array,6c56bb3fa202944d,prefix_0,dse;correlated-propagation,indvars,52,56,-0.076923,increased,0
polybench,atax,init_array,6c56bb3fa202944d,prefix_0,dse;correlated-propagation,loop-deletion,52,52,0.0,equal,0
polybench,atax,init_array,6c56bb3fa202944d,prefix_0,dse;correlated-propagation,loop-idiom,52,52,0.0,equal,0
polybench,atax,init_array,6c56bb3fa202944d,prefix_0,dse;correlated-propagation,loop-unroll,52,52,0.0,equal,0
polybench,atax,init_array,6c56bb3fa202944d,prefix_0,dse;correlated-propagation,tailcallelim,52,52,0.0,equal,0
polybench,atax,init_array,6c56bb3fa202944d,prefix_1,early-cse,sroa,52,52,0.0,equal,0
polybench,atax,init_array,6c56bb3fa202944d,prefix_1,early-cse,instcombine,52,51,0.019231,decreased,1
polybench,atax,init_array,6c56bb3fa202944d,prefix_1,early-cse,simplifycfg,52,42,0.192308,decreased,1
polybench,atax,init_array,6c56bb3fa202944d,prefix_1,early-cse,early-cse,52,52,0.0,equal,0
polybench,atax,init_array,6c56bb3fa202944d,prefix_1,early-cse,gvn,52,46,0.115385,decreased,1
polybench,atax,init_array,6c56bb3fa202944d,prefix_1,early-cse,sccp,52,52,0.0,equal,0
polybench,atax,init_array,6c56bb3fa202944d,prefix_1,early-cse,adce,52,52,0.0,equal,0
polybench,atax,init_array,6c56bb3fa202944d,prefix_1,early-cse,dse,52,52,0.0,equal,0
polybench,atax,init_array,6c56bb3fa202944d,prefix_1,early-cse,reassociate,52,52,0.0,equal,0
polybench,atax,init_array,6c56bb3fa202944d,prefix_1,early-cse,jump-threading,52,46,0.115385,decreased,1
polybench,atax,init_array,6c56bb3fa202944d,prefix_1,early-cse,correlated-propagation,52,52,0.0,equal,0
polybench,atax,init_array,6c56bb3fa202944d,prefix_1,early-cse,licm,52,52,0.0,equal,0
polybench,atax,init_array,6c56bb3fa202944d,prefix_1,early-cse,loop-rotate,52,55,-0.057692,increased,0
polybench,atax,init_array,6c56bb3fa202944d,prefix_1,early-cse,indvars,52,56,-0.076923,increased,0
polybench,atax,init_array,6c56bb3fa202944d,prefix_1,early-cse,loop-deletion,52,52,0.0,equal,0
polybench,atax,init_array,6c56bb3fa202944d,prefix_1,early-cse,loop-idiom,52,52,0.0,equal,0
polybench,atax,init_array,6c56bb3fa202944d,prefix_1,early-cse,loop-unroll,52,52,0.0,equal,0
polybench,atax,init_array,6c56bb3fa202944d,prefix_1,early-cse,tailcallelim,52,52,0.0,equal,0
polybench,atax,init_array,6c56bb3fa202944d,prefix_2,indvars,sroa,56,56,0.0,equal,0
polybench,atax,init_array,6c56bb3fa202944d,prefix_2,indvars,instcombine,56,55,0.017857,decreased,1
polybench,atax,init_array,6c56bb3fa202944d,prefix_2,indvars,simplifycfg,56,50,0.107143,decreased,1
polybench,atax,init_array,6c56bb3fa202944d,prefix_2,indvars,early-cse,56,55,0.017857,decreased,1
polybench,atax,init_array,6c56bb3fa202944d,prefix_2,indvars,gvn,56,49,0.125,decreased,1
polybench,atax,init_array,6c56bb3fa202944d,prefix_2,indvars,sccp,56,56,0.0,equal,0
polybench,atax,init_array,6c56bb3fa202944d,prefix_2,indvars,adce,56,56,0.0,equal,0
polybench,atax,init_array,6c56bb3fa202944d,prefix_2,indvars,dse,56,56,0.0,equal,0
polybench,atax,init_array,6c56bb3fa202944d,prefix_2,indvars,reassociate,56,56,0.0,equal,0
polybench,atax,init_array,6c56bb3fa202944d,prefix_2,indvars,jump-threading,56,50,0.107143,decreased,1
polybench,atax,init_array,6c56bb3fa202944d,prefix_2,indvars,correlated-propagation,56,56,0.0,equal,0
polybench,atax,init_array,6c56bb3fa202944d,prefix_2,indvars,licm,56,56,0.0,equal,0
polybench,atax,init_array,6c56bb3fa202944d,prefix_2,indvars,loop-rotate,56,59,-0.053571,increased,0
polybench,atax,init_array,6c56bb3fa202944d,prefix_2,indvars,indvars,56,56,0.0,equal,0
polybench,atax,init_array,6c56bb3fa202944d,prefix_2,indvars,loop-deletion,56,56,0.0,equal,0
polybench,atax,init_array,6c56bb3fa202944d,prefix_2,indvars,loop-idiom,56,56,0.0,equal,0
polybench,atax,init_array,6c56bb3fa202944d,prefix_2,indvars,loop-unroll,56,56,0.0,equal,0
polybench,atax,init_array,6c56bb3fa202944d,prefix_2,indvars,tailcallelim,56,56,0.0,equal,0
polybench,atax,kernel_atax,3921b687bed7609c,baseline,,sroa,81,81,0.0,equal,0
polybench,atax,kernel_atax,3921b687bed7609c,baseline,,instcombine,81,79,0.024691,decreased,1
polybench,atax,kernel_atax,3921b687bed7609c,baseline,,simplifycfg,81,69,0.148148,decreased,1
polybench,atax,kernel_atax,3921b687bed7609c,baseline,,early-cse,81,69,0.148148,decreased,1
polybench,atax,kernel_atax,3921b687bed7609c,baseline,,gvn,81,61,0.246914,decreased,1
polybench,atax,kernel_atax,3921b687bed7609c,baseline,,sccp,81,81,0.0,equal,0
polybench,atax,kernel_atax,3921b687bed7609c,baseline,,adce,81,81,0.0,equal,0
polybench,atax,kernel_atax,3921b687bed7609c,baseline,,dse,81,81,0.0,equal,0
polybench,atax,kernel_atax,3921b687bed7609c,baseline,,reassociate,81,81,0.0,equal,0
polybench,atax,kernel_atax,3921b687bed7609c,baseline,,jump-threading,81,73,0.098765,decreased,1
polybench,atax,kernel_atax,3921b687bed7609c,baseline,,correlated-propagation,81,81,0.0,equal,0
polybench,atax,kernel_atax,3921b687bed7609c,baseline,,licm,81,81,0.0,equal,0
polybench,atax,kernel_atax,3921b687bed7609c,baseline,,loop-rotate,81,85,-0.049383,increased,0
polybench,atax,kernel_atax,3921b687bed7609c,baseline,,indvars,81,75,0.074074,decreased,1
polybench,atax,kernel_atax,3921b687bed7609c,baseline,,loop-deletion,81,81,0.0,equal,0
polybench,atax,kernel_atax,3921b687bed7609c,baseline,,loop-idiom,81,81,0.0,equal,0
polybench,atax,kernel_atax,3921b687bed7609c,baseline,,loop-unroll,81,81,0.0,equal,0
polybench,atax,kernel_atax,3921b687bed7609c,baseline,,tailcallelim,81,81,0.0,equal,0
polybench,atax,kernel_atax,3921b687bed7609c,prefix_0,loop-rotate,sroa,85,85,0.0,equal,0
polybench,atax,kernel_atax,3921b687bed7609c,prefix_0,loop-rotate,instcombine,85,83,0.023529,decreased,1
polybench,atax,kernel_atax,3921b687bed7609c,prefix_0,loop-rotate,simplifycfg,85,61,0.282353,decreased,1
polybench,atax,kernel_atax,3921b687bed7609c,prefix_0,loop-rotate,early-cse,85,71,0.164706,decreased,1
polybench,atax,kernel_atax,3921b687bed7609c,prefix_0,loop-rotate,gvn,85,63,0.258824,decreased,1
polybench,atax,kernel_atax,3921b687bed7609c,prefix_0,loop-rotate,sccp,85,85,0.0,equal,0
polybench,atax,kernel_atax,3921b687bed7609c,prefix_0,loop-rotate,adce,85,85,0.0,equal,0
polybench,atax,kernel_atax,3921b687bed7609c,prefix_0,loop-rotate,dse,85,85,0.0,equal,0
polybench,atax,kernel_atax,3921b687bed7609c,prefix_0,loop-rotate,reassociate,85,85,0.0,equal,0
polybench,atax,kernel_atax,3921b687bed7609c,prefix_0,loop-rotate,jump-threading,85,69,0.188235,decreased,1
polybench,atax,kernel_atax,3921b687bed7609c,prefix_0,loop-rotate,correlated-propagation,85,85,0.0,equal,0
polybench,atax,kernel_atax,3921b687bed7609c,prefix_0,loop-rotate,licm,85,86,-0.011765,increased,0
polybench,atax,kernel_atax,3921b687bed7609c,prefix_0,loop-rotate,loop-rotate,85,85,0.0,equal,0
polybench,atax,kernel_atax,3921b687bed7609c,prefix_0,loop-rotate,indvars,85,77,0.094118,decreased,1
polybench,atax,kernel_atax,3921b687bed7609c,prefix_0,loop-rotate,loop-deletion,85,85,0.0,equal,0
polybench,atax,kernel_atax,3921b687bed7609c,prefix_0,loop-rotate,loop-idiom,85,87,-0.023529,increased,0
polybench,atax,kernel_atax,3921b687bed7609c,prefix_0,loop-rotate,loop-unroll,85,133,-0.564706,increased,0
polybench,atax,kernel_atax,3921b687bed7609c,prefix_0,loop-rotate,tailcallelim,85,85,0.0,equal,0
polybench,atax,kernel_atax,3921b687bed7609c,prefix_1,loop-idiom;adce;adce,sroa,81,81,0.0,equal,0
polybench,atax,kernel_atax,3921b687bed7609c,prefix_1,loop-idiom;adce;adce,instcombine,81,79,0.024691,decreased,1
polybench,atax,kernel_atax,3921b687bed7609c,prefix_1,loop-idiom;adce;adce,simplifycfg,81,69,0.148148,decreased,1
polybench,atax,kernel_atax,3921b687bed7609c,prefix_1,loop-idiom;adce;adce,early-cse,81,69,0.148148,decreased,1
polybench,atax,kernel_atax,3921b687bed7609c,prefix_1,loop-idiom;adce;adce,gvn,81,61,0.246914,decreased,1
polybench,atax,kernel_atax,3921b687bed7609c,prefix_1,loop-idiom;adce;adce,sccp,81,81,0.0,equal,0
polybench,atax,kernel_atax,3921b687bed7609c,prefix_1,loop-idiom;adce;adce,adce,81,81,0.0,equal,0
polybench,atax,kernel_atax,3921b687bed7609c,prefix_1,loop-idiom;adce;adce,dse,81,81,0.0,equal,0
polybench,atax,kernel_atax,3921b687bed7609c,prefix_1,loop-idiom;adce;adce,reassociate,81,81,0.0,equal,0
polybench,atax,kernel_atax,3921b687bed7609c,prefix_1,loop-idiom;adce;adce,jump-threading,81,73,0.098765,decreased,1
polybench,atax,kernel_atax,3921b687bed7609c,prefix_1,loop-idiom;adce;adce,correlated-propagation,81,81,0.0,equal,0
polybench,atax,kernel_atax,3921b687bed7609c,prefix_1,loop-idiom;adce;adce,licm,81,81,0.0,equal,0
polybench,atax,kernel_atax,3921b687bed7609c,prefix_1,loop-idiom;adce;adce,loop-rotate,81,85,-0.049383,increased,0
polybench,atax,kernel_atax,3921b687bed7609c,prefix_1,loop-idiom;adce;adce,indvars,81,75,0.074074,decreased,1
polybench,atax,kernel_atax,3921b687bed7609c,prefix_1,loop-idiom;adce;adce,loop-deletion,81,81,0.0,equal,0
polybench,atax,kernel_atax,3921b687bed7609c,prefix_1,loop-idiom;adce;adce,loop-idiom,81,81,0.0,equal,0
polybench,atax,kernel_atax,3921b687bed7609c,prefix_1,loop-idiom;adce;adce,loop-unroll,81,81,0.0,equal,0
polybench,atax,kernel_atax,3921b687bed7609c,prefix_1,loop-idiom;adce;adce,tailcallelim,81,81,0.0,equal,0
polybench,atax,kernel_atax,3921b687bed7609c,prefix_2,loop-idiom,sroa,81,81,0.0,equal,0
polybench,atax,kernel_atax,3921b687bed7609c,prefix_2,loop-idiom,instcombine,81,79,0.024691,decreased,1
polybench,atax,kernel_atax,3921b687bed7609c,prefix_2,loop-idiom,simplifycfg,81,69,0.148148,decreased,1
polybench,atax,kernel_atax,3921b687bed7609c,prefix_2,loop-idiom,early-cse,81,69,0.148148,decreased,1
polybench,atax,kernel_atax,3921b687bed7609c,prefix_2,loop-idiom,gvn,81,61,0.246914,decreased,1
polybench,atax,kernel_atax,3921b687bed7609c,prefix_2,loop-idiom,sccp,81,81,0.0,equal,0
polybench,atax,kernel_atax,3921b687bed7609c,prefix_2,loop-idiom,adce,81,81,0.0,equal,0
polybench,atax,kernel_atax,3921b687bed7609c,prefix_2,loop-idiom,dse,81,81,0.0,equal,0
polybench,atax,kernel_atax,3921b687bed7609c,prefix_2,loop-idiom,reassociate,81,81,0.0,equal,0
polybench,atax,kernel_atax,3921b687bed7609c,prefix_2,loop-idiom,jump-threading,81,73,0.098765,decreased,1
polybench,atax,kernel_atax,3921b687bed7609c,prefix_2,loop-idiom,correlated-propagation,81,81,0.0,equal,0
polybench,atax,kernel_atax,3921b687bed7609c,prefix_2,loop-idiom,licm,81,81,0.0,equal,0
polybench,atax,kernel_atax,3921b687bed7609c,prefix_2,loop-idiom,loop-rotate,81,85,-0.049383,increased,0
polybench,atax,kernel_atax,3921b687bed7609c,prefix_2,loop-idiom,indvars,81,75,0.074074,decreased,1
polybench,atax,kernel_atax,3921b687bed7609c,prefix_2,loop-idiom,loop-deletion,81,81,0.0,equal,0
polybench,atax,kernel_atax,3921b687bed7609c,prefix_2,loop-idiom,loop-idiom,81,81,0.0,equal,0
polybench,atax,kernel_atax,3921b687bed7609c,prefix_2,loop-idiom,loop-unroll,81,81,0.0,equal,0
polybench,atax,kernel_atax,3921b687bed7609c,prefix_2,loop-idiom,tailcallelim,81,81,0.0,equal,0
polybench,atax,print_array,2318f9dd22e7ef29,baseline,,sroa,33,33,0.0,equal,0
polybench,atax,print_array,2318f9dd22e7ef29,baseline,,instcombine,33,33,0.0,equal,0
polybench,atax,print_array,2318f9dd22e7ef29,baseline,,simplifycfg,33,31,0.060606,decreased,1
polybench,atax,print_array,2318f9dd22e7ef29,baseline,,early-cse,33,33,0.0,equal,0
polybench,atax,print_array,2318f9dd22e7ef29,baseline,,gvn,33,31,0.060606,decreased,1
polybench,atax,print_array,2318f9dd22e7ef29,baseline,,sccp,33,33,0.0,equal,0
polybench,atax,print_array,2318f9dd22e7ef29,baseline,,adce,33,33,0.0,equal,0
polybench,atax,print_array,2318f9dd22e7ef29,baseline,,dse,33,33,0.0,equal,0
polybench,atax,print_array,2318f9dd22e7ef29,baseline,,reassociate,33,33,0.0,equal,0
polybench,atax,print_array,2318f9dd22e7ef29,baseline,,jump-threading,33,31,0.060606,decreased,1
polybench,atax,print_array,2318f9dd22e7ef29,baseline,,correlated-propagation,33,33,0.0,equal,0
polybench,atax,print_array,2318f9dd22e7ef29,baseline,,licm,33,33,0.0,equal,0
polybench,atax,print_array,2318f9dd22e7ef29,baseline,,loop-rotate,33,34,-0.030303,increased,0
polybench,atax,print_array,2318f9dd22e7ef29,baseline,,indvars,33,35,-0.060606,increased,0
polybench,atax,print_array,2318f9dd22e7ef29,baseline,,loop-deletion,33,33,0.0,equal,0
polybench,atax,print_array,2318f9dd22e7ef29,baseline,,loop-idiom,33,33,0.0,equal,0
polybench,atax,print_array,2318f9dd22e7ef29,baseline,,loop-unroll,33,33,0.0,equal,0
polybench,atax,print_array,2318f9dd22e7ef29,baseline,,tailcallelim,33,33,0.0,equal,0
polybench,atax,print_array,2318f9dd22e7ef29,prefix_0,correlated-propagation,sroa,33,33,0.0,equal,0
polybench,atax,print_array,2318f9dd22e7ef29,prefix_0,correlated-propagation,instcombine,33,33,0.0,equal,0
polybench,atax,print_array,2318f9dd22e7ef29,prefix_0,correlated-propagation,simplifycfg,33,31,0.060606,decreased,1
polybench,atax,print_array,2318f9dd22e7ef29,prefix_0,correlated-propagation,early-cse,33,33,0.0,equal,0
polybench,atax,print_array,2318f9dd22e7ef29,prefix_0,correlated-propagation,gvn,33,31,0.060606,decreased,1
polybench,atax,print_array,2318f9dd22e7ef29,prefix_0,correlated-propagation,sccp,33,33,0.0,equal,0
polybench,atax,print_array,2318f9dd22e7ef29,prefix_0,correlated-propagation,adce,33,33,0.0,equal,0
polybench,atax,print_array,2318f9dd22e7ef29,prefix_0,correlated-propagation,dse,33,33,0.0,equal,0
polybench,atax,print_array,2318f9dd22e7ef29,prefix_0,correlated-propagation,reassociate,33,33,0.0,equal,0
polybench,atax,print_array,2318f9dd22e7ef29,prefix_0,correlated-propagation,jump-threading,33,31,0.060606,decreased,1
polybench,atax,print_array,2318f9dd22e7ef29,prefix_0,correlated-propagation,correlated-propagation,33,33,0.0,equal,0
polybench,atax,print_array,2318f9dd22e7ef29,prefix_0,correlated-propagation,licm,33,33,0.0,equal,0
polybench,atax,print_array,2318f9dd22e7ef29,prefix_0,correlated-propagation,loop-rotate,33,34,-0.030303,increased,0
polybench,atax,print_array,2318f9dd22e7ef29,prefix_0,correlated-propagation,indvars,33,35,-0.060606,increased,0
polybench,atax,print_array,2318f9dd22e7ef29,prefix_0,correlated-propagation,loop-deletion,33,33,0.0,equal,0
polybench,atax,print_array,2318f9dd22e7ef29,prefix_0,correlated-propagation,loop-idiom,33,33,0.0,equal,0
polybench,atax,print_array,2318f9dd22e7ef29,prefix_0,correlated-propagation,loop-unroll,33,33,0.0,equal,0
polybench,atax,print_array,2318f9dd22e7ef29,prefix_0,correlated-propagation,tailcallelim,33,33,0.0,equal,0
polybench,atax,print_array,2318f9dd22e7ef29,prefix_1,indvars;sroa;simplifycfg,sroa,33,33,0.0,equal,0
polybench,atax,print_array,2318f9dd22e7ef29,prefix_1,indvars;sroa;simplifycfg,instcombine,33,33,0.0,equal,0
polybench,atax,print_array,2318f9dd22e7ef29,prefix_1,indvars;sroa;simplifycfg,simplifycfg,33,33,0.0,equal,0
polybench,atax,print_array,2318f9dd22e7ef29,prefix_1,indvars;sroa;simplifycfg,early-cse,33,33,0.0,equal,0
polybench,atax,print_array,2318f9dd22e7ef29,prefix_1,indvars;sroa;simplifycfg,gvn,33,33,0.0,equal,0
polybench,atax,print_array,2318f9dd22e7ef29,prefix_1,indvars;sroa;simplifycfg,sccp,33,33,0.0,equal,0
polybench,atax,print_array,2318f9dd22e7ef29,prefix_1,indvars;sroa;simplifycfg,adce,33,33,0.0,equal,0
polybench,atax,print_array,2318f9dd22e7ef29,prefix_1,indvars;sroa;simplifycfg,dse,33,33,0.0,equal,0
polybench,atax,print_array,2318f9dd22e7ef29,prefix_1,indvars;sroa;simplifycfg,reassociate,33,33,0.0,equal,0
polybench,atax,print_array,2318f9dd22e7ef29,prefix_1,indvars;sroa;simplifycfg,jump-threading,33,33,0.0,equal,0
polybench,atax,print_array,2318f9dd22e7ef29,prefix_1,indvars;sroa;simplifycfg,correlated-propagation,33,33,0.0,equal,0
polybench,atax,print_array,2318f9dd22e7ef29,prefix_1,indvars;sroa;simplifycfg,licm,33,33,0.0,equal,0
polybench,atax,print_array,2318f9dd22e7ef29,prefix_1,indvars;sroa;simplifycfg,loop-rotate,33,34,-0.030303,increased,0
polybench,atax,print_array,2318f9dd22e7ef29,prefix_1,indvars;sroa;simplifycfg,indvars,33,33,0.0,equal,0
polybench,atax,print_array,2318f9dd22e7ef29,prefix_1,indvars;sroa;simplifycfg,loop-deletion,33,33,0.0,equal,0
polybench,atax,print_array,2318f9dd22e7ef29,prefix_1,indvars;sroa;simplifycfg,loop-idiom,33,33,0.0,equal,0
polybench,atax,print_array,2318f9dd22e7ef29,prefix_1,indvars;sroa;simplifycfg,loop-unroll,33,33,0.0,equal,0
polybench,atax,print_array,2318f9dd22e7ef29,prefix_1,indvars;sroa;simplifycfg,tailcallelim,33,33,0.0,equal,0
polybench,atax,print_array,2318f9dd22e7ef29,prefix_2,licm,sroa,33,33,0.0,equal,0
polybench,atax,print_array,2318f9dd22e7ef29,prefix_2,licm,instcombine,33,33,0.0,equal,0
polybench,atax,print_array,2318f9dd22e7ef29,prefix_2,licm,simplifycfg,33,31,0.060606,decreased,1
polybench,atax,print_array,2318f9dd22e7ef29,prefix_2,licm,early-cse,33,33,0.0,equal,0
polybench,atax,print_array,2318f9dd22e7ef29,prefix_2,licm,gvn,33,31,0.060606,decreased,1
polybench,atax,print_array,2318f9dd22e7ef29,prefix_2,licm,sccp,33,33,0.0,equal,0
polybench,atax,print_array,2318f9dd22e7ef29,prefix_2,licm,adce,33,33,0.0,equal,0
polybench,atax,print_array,2318f9dd22e7ef29,prefix_2,licm,dse,33,33,0.0,equal,0
polybench,atax,print_array,2318f9dd22e7ef29,prefix_2,licm,reassociate,33,33,0.0,equal,0
polybench,atax,print_array,2318f9dd22e7ef29,prefix_2,licm,jump-threading,33,31,0.060606,decreased,1
polybench,atax,print_array,2318f9dd22e7ef29,prefix_2,licm,correlated-propagation,33,33,0.0,equal,0
polybench,atax,print_array,2318f9dd22e7ef29,prefix_2,licm,licm,33,33,0.0,equal,0
polybench,atax,print_array,2318f9dd22e7ef29,prefix_2,licm,loop-rotate,33,34,-0.030303,increased,0
polybench,atax,print_array,2318f9dd22e7ef29,prefix_2,licm,indvars,33,35,-0.060606,increased,0
polybench,atax,print_array,2318f9dd22e7ef29,prefix_2,licm,loop-deletion,33,33,0.0,equal,0
polybench,atax,print_array,2318f9dd22e7ef29,prefix_2,licm,loop-idiom,33,33,0.0,equal,0
polybench,atax,print_array,2318f9dd22e7ef29,prefix_2,licm,loop-unroll,33,33,0.0,equal,0
polybench,atax,print_array,2318f9dd22e7ef29,prefix_2,licm,tailcallelim,33,33,0.0,equal,0
polybench,bicg,main,79c1da6214f3c6db,baseline,,sroa,35,35,0.0,equal,0
polybench,bicg,main,79c1da6214f3c6db,baseline,,instcombine,35,24,0.314286,decreased,1
polybench,bicg,main,79c1da6214f3c6db,baseline,,simplifycfg,35,35,0.0,equal,0
polybench,bicg,main,79c1da6214f3c6db,baseline,,early-cse,35,24,0.314286,decreased,1
polybench,bicg,main,79c1da6214f3c6db,baseline,,gvn,35,24,0.314286,decreased,1
polybench,bicg,main,79c1da6214f3c6db,baseline,,sccp,35,35,0.0,equal,0
polybench,bicg,main,79c1da6214f3c6db,baseline,,adce,35,35,0.0,equal,0
polybench,bicg,main,79c1da6214f3c6db,baseline,,dse,35,35,0.0,equal,0
polybench,bicg,main,79c1da6214f3c6db,baseline,,reassociate,35,35,0.0,equal,0
polybench,bicg,main,79c1da6214f3c6db,baseline,,jump-threading,35,35,0.0,equal,0
polybench,bicg,main,79c1da6214f3c6db,baseline,,correlated-propagation,35,35,0.0,equal,0
polybench,bicg,main,79c1da6214f3c6db,baseline,,licm,35,35,0.0,equal,0
polybench,bicg,main,79c1da6214f3c6db,baseline,,loop-rotate,35,35,0.0,equal,0
polybench,bicg,main,79c1da6214f3c6db,baseline,,indvars,35,35,0.0,equal,0
polybench,bicg,main,79c1da6214f3c6db,baseline,,loop-deletion,35,35,0.0,equal,0
polybench,bicg,main,79c1da6214f3c6db,baseline,,loop-idiom,35,35,0.0,equal,0
polybench,bicg,main,79c1da6214f3c6db,baseline,,loop-unroll,35,35,0.0,equal,0
polybench,bicg,main,79c1da6214f3c6db,baseline,,tailcallelim,35,35,0.0,equal,0
polybench,bicg,main,79c1da6214f3c6db,prefix_0,reassociate;sroa,sroa,35,35,0.0,equal,0
polybench,bicg,main,79c1da6214f3c6db,prefix_0,reassociate;sroa,instcombine,35,24,0.314286,decreased,1
polybench,bicg,main,79c1da6214f3c6db,prefix_0,reassociate;sroa,simplifycfg,35,35,0.0,equal,0
polybench,bicg,main,79c1da6214f3c6db,prefix_0,reassociate;sroa,early-cse,35,24,0.314286,decreased,1
polybench,bicg,main,79c1da6214f3c6db,prefix_0,reassociate;sroa,gvn,35,24,0.314286,decreased,1
polybench,bicg,main,79c1da6214f3c6db,prefix_0,reassociate;sroa,sccp,35,35,0.0,equal,0
polybench,bicg,main,79c1da6214f3c6db,prefix_0,reassociate;sroa,adce,35,35,0.0,equal,0
polybench,bicg,main,79c1da6214f3c6db,prefix_0,reassociate;sroa,dse,35,35,0.0,equal,0
polybench,bicg,main,79c1da6214f3c6db,prefix_0,reassociate;sroa,reassociate,35,35,0.0,equal,0
polybench,bicg,main,79c1da6214f3c6db,prefix_0,reassociate;sroa,jump-threading,35,35,0.0,equal,0
polybench,bicg,main,79c1da6214f3c6db,prefix_0,reassociate;sroa,correlated-propagation,35,35,0.0,equal,0
polybench,bicg,main,79c1da6214f3c6db,prefix_0,reassociate;sroa,licm,35,35,0.0,equal,0
polybench,bicg,main,79c1da6214f3c6db,prefix_0,reassociate;sroa,loop-rotate,35,35,0.0,equal,0
polybench,bicg,main,79c1da6214f3c6db,prefix_0,reassociate;sroa,indvars,35,35,0.0,equal,0
polybench,bicg,main,79c1da6214f3c6db,prefix_0,reassociate;sroa,loop-deletion,35,35,0.0,equal,0
polybench,bicg,main,79c1da6214f3c6db,prefix_0,reassociate;sroa,loop-idiom,35,35,0.0,equal,0
polybench,bicg,main,79c1da6214f3c6db,prefix_0,reassociate;sroa,loop-unroll,35,35,0.0,equal,0
polybench,bicg,main,79c1da6214f3c6db,prefix_0,reassociate;sroa,tailcallelim,35,35,0.0,equal,0
polybench,bicg,main,79c1da6214f3c6db,prefix_1,simplifycfg;tailcallelim;simplifycfg,sroa,35,35,0.0,equal,0
polybench,bicg,main,79c1da6214f3c6db,prefix_1,simplifycfg;tailcallelim;simplifycfg,instcombine,35,24,0.314286,decreased,1
polybench,bicg,main,79c1da6214f3c6db,prefix_1,simplifycfg;tailcallelim;simplifycfg,simplifycfg,35,35,0.0,equal,0
polybench,bicg,main,79c1da6214f3c6db,prefix_1,simplifycfg;tailcallelim;simplifycfg,early-cse,35,24,0.314286,decreased,1
polybench,bicg,main,79c1da6214f3c6db,prefix_1,simplifycfg;tailcallelim;simplifycfg,gvn,35,24,0.314286,decreased,1
polybench,bicg,main,79c1da6214f3c6db,prefix_1,simplifycfg;tailcallelim;simplifycfg,sccp,35,35,0.0,equal,0
polybench,bicg,main,79c1da6214f3c6db,prefix_1,simplifycfg;tailcallelim;simplifycfg,adce,35,35,0.0,equal,0
polybench,bicg,main,79c1da6214f3c6db,prefix_1,simplifycfg;tailcallelim;simplifycfg,dse,35,35,0.0,equal,0
polybench,bicg,main,79c1da6214f3c6db,prefix_1,simplifycfg;tailcallelim;simplifycfg,reassociate,35,35,0.0,equal,0
polybench,bicg,main,79c1da6214f3c6db,prefix_1,simplifycfg;tailcallelim;simplifycfg,jump-threading,35,35,0.0,equal,0
polybench,bicg,main,79c1da6214f3c6db,prefix_1,simplifycfg;tailcallelim;simplifycfg,correlated-propagation,35,35,0.0,equal,0
polybench,bicg,main,79c1da6214f3c6db,prefix_1,simplifycfg;tailcallelim;simplifycfg,licm,35,35,0.0,equal,0
polybench,bicg,main,79c1da6214f3c6db,prefix_1,simplifycfg;tailcallelim;simplifycfg,loop-rotate,35,35,0.0,equal,0
polybench,bicg,main,79c1da6214f3c6db,prefix_1,simplifycfg;tailcallelim;simplifycfg,indvars,35,35,0.0,equal,0
polybench,bicg,main,79c1da6214f3c6db,prefix_1,simplifycfg;tailcallelim;simplifycfg,loop-deletion,35,35,0.0,equal,0
polybench,bicg,main,79c1da6214f3c6db,prefix_1,simplifycfg;tailcallelim;simplifycfg,loop-idiom,35,35,0.0,equal,0
polybench,bicg,main,79c1da6214f3c6db,prefix_1,simplifycfg;tailcallelim;simplifycfg,loop-unroll,35,35,0.0,equal,0
polybench,bicg,main,79c1da6214f3c6db,prefix_1,simplifycfg;tailcallelim;simplifycfg,tailcallelim,35,35,0.0,equal,0
polybench,bicg,main,79c1da6214f3c6db,prefix_2,loop-idiom;loop-unroll;indvars,sroa,35,35,0.0,equal,0
polybench,bicg,main,79c1da6214f3c6db,prefix_2,loop-idiom;loop-unroll;indvars,instcombine,35,24,0.314286,decreased,1
polybench,bicg,main,79c1da6214f3c6db,prefix_2,loop-idiom;loop-unroll;indvars,simplifycfg,35,35,0.0,equal,0
polybench,bicg,main,79c1da6214f3c6db,prefix_2,loop-idiom;loop-unroll;indvars,early-cse,35,24,0.314286,decreased,1
polybench,bicg,main,79c1da6214f3c6db,prefix_2,loop-idiom;loop-unroll;indvars,gvn,35,24,0.314286,decreased,1
polybench,bicg,main,79c1da6214f3c6db,prefix_2,loop-idiom;loop-unroll;indvars,sccp,35,35,0.0,equal,0
polybench,bicg,main,79c1da6214f3c6db,prefix_2,loop-idiom;loop-unroll;indvars,adce,35,35,0.0,equal,0
polybench,bicg,main,79c1da6214f3c6db,prefix_2,loop-idiom;loop-unroll;indvars,dse,35,35,0.0,equal,0
polybench,bicg,main,79c1da6214f3c6db,prefix_2,loop-idiom;loop-unroll;indvars,reassociate,35,35,0.0,equal,0
polybench,bicg,main,79c1da6214f3c6db,prefix_2,loop-idiom;loop-unroll;indvars,jump-threading,35,35,0.0,equal,0
polybench,bicg,main,79c1da6214f3c6db,prefix_2,loop-idiom;loop-unroll;indvars,correlated-propagation,35,35,0.0,equal,0
polybench,bicg,main,79c1da6214f3c6db,prefix_2,loop-idiom;loop-unroll;indvars,licm,35,35,0.0,equal,0
polybench,bicg,main,79c1da6214f3c6db,prefix_2,loop-idiom;loop-unroll;indvars,loop-rotate,35,35,0.0,equal,0
polybench,bicg,main,79c1da6214f3c6db,prefix_2,loop-idiom;loop-unroll;indvars,indvars,35,35,0.0,equal,0
polybench,bicg,main,79c1da6214f3c6db,prefix_2,loop-idiom;loop-unroll;indvars,loop-deletion,35,35,0.0,equal,0
polybench,bicg,main,79c1da6214f3c6db,prefix_2,loop-idiom;loop-unroll;indvars,loop-idiom,35,35,0.0,equal,0
polybench,bicg,main,79c1da6214f3c6db,prefix_2,loop-idiom;loop-unroll;indvars,loop-unroll,35,35,0.0,equal,0
polybench,bicg,main,79c1da6214f3c6db,prefix_2,loop-idiom;loop-unroll;indvars,tailcallelim,35,35,0.0,equal,0
polybench,bicg,init_array,e8d68727219ebe8c,baseline,,sroa,59,59,0.0,equal,0
polybench,bicg,init_array,e8d68727219ebe8c,baseline,,instcombine,59,58,0.016949,decreased,1
polybench,bicg,init_array,e8d68727219ebe8c,baseline,,simplifycfg,59,51,0.135593,decreased,1
polybench,bicg,init_array,e8d68727219ebe8c,baseline,,early-cse,59,56,0.050847,decreased,1
polybench,bicg,init_array,e8d68727219ebe8c,baseline,,gvn,59,50,0.152542,decreased,1
polybench,bicg,init_array,e8d68727219ebe8c,baseline,,sccp,59,59,0.0,equal,0
polybench,bicg,init_array,e8d68727219ebe8c,baseline,,adce,59,59,0.0,equal,0
polybench,bicg,init_array,e8d68727219ebe8c,baseline,,dse,59,59,0.0,equal,0
polybench,bicg,init_array,e8d68727219ebe8c,baseline,,reassociate,59,59,0.0,equal,0
polybench,bicg,init_array,e8d68727219ebe8c,baseline,,jump-threading,59,53,0.101695,decreased,1
polybench,bicg,init_array,e8d68727219ebe8c,baseline,,correlated-propagation,59,59,0.0,equal,0
polybench,bicg,init_array,e8d68727219ebe8c,baseline,,licm,59,59,0.0,equal,0
polybench,bicg,init_array,e8d68727219ebe8c,baseline,,loop-rotate,59,62,-0.050847,increased,0
polybench,bicg,init_array,e8d68727219ebe8c,baseline,,indvars,59,62,-0.050847,increased,0
polybench,bicg,init_array,e8d68727219ebe8c,baseline,,loop-deletion,59,59,0.0,equal,0
polybench,bicg,init_array,e8d68727219ebe8c,baseline,,loop-idiom,59,59,0.0,equal,0
polybench,bicg,init_array,e8d68727219ebe8c,baseline,,loop-unroll,59,59,0.0,equal,0
polybench,bicg,init_array,e8d68727219ebe8c,baseline,,tailcallelim,59,59,0.0,equal,0
polybench,bicg,init_array,e8d68727219ebe8c,prefix_0,loop-idiom;jump-threading;indvars,sroa,56,56,0.0,equal,0
polybench,bicg,init_array,e8d68727219ebe8c,prefix_0,loop-idiom;jump-threading;indvars,instcombine,56,55,0.017857,decreased,1
polybench,bicg,init_array,e8d68727219ebe8c,prefix_0,loop-idiom;jump-threading;indvars,simplifycfg,56,56,0.0,equal,0
polybench,bicg,init_array,e8d68727219ebe8c,prefix_0,loop-idiom;jump-threading;indvars,early-cse,56,54,0.035714,decreased,1
polybench,bicg,init_array,e8d68727219ebe8c,prefix_0,loop-idiom;jump-threading;indvars,gvn,56,54,0.035714,decreased,1
polybench,bicg,init_array,e8d68727219ebe8c,prefix_0,loop-idiom;jump-threading;indvars,sccp,56,56,0.0,equal,0
polybench,bicg,init_array,e8d68727219ebe8c,prefix_0,loop-idiom;jump-threading;indvars,adce,56,56,0.0,equal,0
polybench,bicg,init_array,e8d68727219ebe8c,prefix_0,loop-idiom;jump-threading;indvars,dse,56,56,0.0,equal,0
polybench,bicg,init_array,e8d68727219ebe8c,prefix_0,loop-idiom;jump-threading;indvars,reassociate,56,56,0.0,equal,0
polybench,bicg,init_array,e8d68727219ebe8c,prefix_0,loop-idiom;jump-threading;indvars,jump-threading,56,56,0.0,equal,0
polybench,bicg,init_array,e8d68727219ebe8c,prefix_0,loop-idiom;jump-threading;indvars,correlated-propagation,56,56,0.0,equal,0
polybench,bicg,init_array,e8d68727219ebe8c,prefix_0,loop-idiom;jump-threading;indvars,licm,56,56,0.0,equal,0
polybench,bicg,init_array,e8d68727219ebe8c,prefix_0,loop-idiom;jump-threading;indvars,loop-rotate,56,59,-0.053571,increased,0
polybench,bicg,init_array,e8d68727219ebe8c,prefix_0,loop-idiom;jump-threading;indvars,indvars,56,56,0.0,equal,0
polybench,bicg,init_array,e8d68727219ebe8c,prefix_0,loop-idiom;jump-threading;indvars,loop-deletion,56,56,0.0,equal,0
polybench,bicg,init_array,e8d68727219ebe8c,prefix_0,loop-idiom;jump-threading;indvars,loop-idiom,56,56,0.0,equal,0
polybench,bicg,init_array,e8d68727219ebe8c,prefix_0,loop-idiom;jump-threading;indvars,loop-unroll,56,56,0.0,equal,0
polybench,bicg,init_array,e8d68727219ebe8c,prefix_0,loop-idiom;jump-threading;indvars,tailcallelim,56,56,0.0,equal,0
polybench,bicg,init_array,e8d68727219ebe8c,prefix_1,sccp,sroa,59,59,0.0,equal,0
polybench,bicg,init_array,e8d68727219ebe8c,prefix_1,sccp,instcombine,59,58,0.016949,decreased,1
polybench,bicg,init_array,e8d68727219ebe8c,prefix_1,sccp,simplifycfg,59,51,0.135593,decreased,1
polybench,bicg,init_array,e8d68727219ebe8c,prefix_1,sccp,early-cse,59,56,0.050847,decreased,1
polybench,bicg,init_array,e8d68727219ebe8c,prefix_1,sccp,gvn,59,50,0.152542,decreased,1
polybench,bicg,init_array,e8d68727219ebe8c,prefix_1,sccp,sccp,59,59,0.0,equal,0
polybench,bicg,init_array,e8d68727219ebe8c,prefix_1,sccp,adce,59,59,0.0,equal,0
polybench,bicg,init_array,e8d68727219ebe8c,prefix_1,sccp,dse,59,59,0.0,equal,0
polybench,bicg,init_array,e8d68727219ebe8c,prefix_1,sccp,reassociate,59,59,0.0,equal,0
polybench,bicg,init_array,e8d68727219ebe8c,prefix_1,sccp,jump-threading,59,53,0.101695,decreased,1
polybench,bicg,init_array,e8d68727219ebe8c,prefix_1,sccp,correlated-propagation,59,59,0.0,equal,0
polybench,bicg,init_array,e8d68727219ebe8c,prefix_1,sccp,licm,59,59,0.0,equal,0
polybench,bicg,init_array,e8d68727219ebe8c,prefix_1,sccp,loop-rotate,59,62,-0.050847,increased,0
polybench,bicg,init_array,e8d68727219ebe8c,prefix_1,sccp,indvars,59,62,-0.050847,increased,0
polybench,bicg,init_array,e8d68727219ebe8c,prefix_1,sccp,loop-deletion,59,59,0.0,equal,0
polybench,bicg,init_array,e8d68727219ebe8c,prefix_1,sccp,loop-idiom,59,59,0.0,equal,0
polybench,bicg,init_array,e8d68727219ebe8c,prefix_1,sccp,loop-unroll,59,59,0.0,equal,0
polybench,bicg,init_array,e8d68727219ebe8c,prefix_1,sccp,tailcallelim,59,59,0.0,equal,0
polybench,bicg,init_array,e8d68727219ebe8c,prefix_2,early-cse;tailcallelim;early-cse,sroa,56,56,0.0,equal,0
polybench,bicg,init_array,e8d68727219ebe8c,prefix_2,early-cse;tailcallelim;early-cse,instcombine,56,55,0.017857,decreased,1
polybench,bicg,init_array,e8d68727219ebe8c,prefix_2,early-cse;tailcallelim;early-cse,simplifycfg,56,48,0.142857,decreased,1
polybench,bicg,init_array,e8d68727219ebe8c,prefix_2,early-cse;tailcallelim;early-cse,early-cse,56,56,0.0,equal,0
polybench,bicg,init_array,e8d68727219ebe8c,prefix_2,early-cse;tailcallelim;early-cse,gvn,56,50,0.107143,decreased,1
polybench,bicg,init_array,e8d68727219ebe8c,prefix_2,early-cse;tailcallelim;early-cse,sccp,56,56,0.0,equal,0
polybench,bicg,init_array,e8d68727219ebe8c,prefix_2,early-cse;tailcallelim;early-cse,adce,56,56,0.0,equal,0
polybench,bicg,init_array,e8d68727219ebe8c,prefix_2,early-cse;tailcallelim;early-cse,dse,56,56,0.0,equal,0
polybench,bicg,init_array,e8d68727219ebe8c,prefix_2,early-cse;tailcallelim;early-cse,reassociate,56,56,0.0,equal,0
polybench,bicg,init_array,e8d68727219ebe8c,prefix_2,early-cse;tailcallelim;early-cse,jump-threading,56,50,0.107143,decreased,1
polybench,bicg,init_array,e8d68727219ebe8c,prefix_2,early-cse;tailcallelim;early-cse,correlated-propagation,56,56,0.0,equal,0
polybench,bicg,init_array,e8d68727219ebe8c,prefix_2,early-cse;tailcallelim;early-cse,licm,56,56,0.0,equal,0
polybench,bicg,init_array,e8d68727219ebe8c,prefix_2,early-cse;tailcallelim;early-cse,loop-rotate,56,59,-0.053571,increased,0
polybench,bicg,init_array,e8d68727219ebe8c,prefix_2,early-cse;tailcallelim;early-cse,indvars,56,61,-0.089286,increased,0
polybench,bicg,init_array,e8d68727219ebe8c,prefix_2,early-cse;tailcallelim;early-cse,loop-deletion,56,56,0.0,equal,0
polybench,bicg,init_array,e8d68727219ebe8c,prefix_2,early-cse;tailcallelim;early-cse,loop-idiom,56,56,0.0,equal,0
polybench,bicg,init_array,e8d68727219ebe8c,prefix_2,early-cse;tailcallelim;early-cse,loop-unroll,56,56,0.0,equal,0
polybench,bicg,init_array,e8d68727219ebe8c,prefix_2,early-cse;tailcallelim;early-cse,tailcallelim,56,56,0.0,equal,0
