pass_name,total_samples,beneficial,not_beneficial,positive_rate,dropped
sroa,40,0,40,0.0,True
instcombine,40,35,5,0.875,False
simplifycfg,40,26,14,0.65,False
early-cse,40,23,17,0.575,False
gvn,40,36,4,0.9,False
sccp,40,0,40,0.0,True
adce,40,0,40,0.0,True
dse,40,0,40,0.0,True
reassociate,40,0,40,0.0,True
jump-threading,40,24,16,0.6,False
correlated-propagation,40,0,40,0.0,True
licm,40,0,40,0.0,True
loop-rotate,40,0,40,0.0,True
indvars,40,8,32,0.2,False
loop-deletion,40,0,40,0.0,True
loop-idiom,40,0,40,0.0,True
loop-unroll,40,0,40,0.0,True
tailcallelim,40,0,40,0.0,True
