suite,program,function,path,ir_hash,inst_count,is_duplicate
polybench,2mm,main,data\ir\polybench\2mm\main.ll,36286c84d1de5608,39,False
polybench,2mm,init_array,data\ir\polybench\2mm\init_array.ll,544929a107080a2e,136,False
polybench,2mm,kernel_2mm,data\ir\polybench\2mm\kernel_2mm.ll,f672ef210b0dd29a,114,False
polybench,2mm,print_array,data\ir\polybench\2mm\print_array.ll,d4840a4bf34f7e83,48,False
polybench,atax,main,data\ir\polybench\atax\main.ll,a7203da1e888f07a,30,False
polybench,atax,init_array,data\ir\polybench\atax\init_array.ll,6c56bb3fa202944d,52,False
polybench,atax,kernel_atax,data\ir\polybench\atax\kernel_atax.ll,3921b687bed7609c,81,False
polybench,atax,print_array,data\ir\polybench\atax\print_array.ll,2318f9dd22e7ef29,33,False
polybench,bicg,main,data\ir\polybench\bicg\main.ll,79c1da6214f3c6db,35,False
polybench,bicg,init_array,data\ir\polybench\bicg\init_array.ll,e8d68727219ebe8c,59,False
polybench,bicg,kernel_bicg,data\ir\polybench\bicg\kernel_bicg.ll,633bac88a5d72c5f,70,False
polybench,bicg,print_array,data\ir\polybench\bicg\print_array.ll,0b78b51de95fa329,61,False
