suite,program,file,stage,reason
polybench,nussinov,medley/nussinov/Nussinov.orig.c,compile,use of undeclared identifier 'MAX_SIZE'
mibench,jpeg,consumer/jpeg/jpeg-6a/jmemdos.c,compile,expected identifier or '('
mibench,jpeg,consumer/jpeg/jpeg-6a/jmemmac.c,compile,'Memory.h' file not found
mibench,lame,consumer/lame/lame3.70/Dll/BladeMP3EncDLL.c,compile,unknown type name 'DWORD'
mibench,lame,consumer/lame/lame3.70/debugscalefac.c,compile,expected identifier or '('
mibench,lame,consumer/lame/lame3.70/mp3x.c,compile,'gtk/gtk.h' file not found
mibench,mad,consumer/mad/mad-0.14.2b/audio.c,compile,use of undeclared identifier 'AUDIO_DEFAULT'
mibench,mad,consumer/mad/mad-0.14.2b/audio_empeg.c,compile,expected identifier or '('
mibench,mad,consumer/mad/mad-0.14.2b/audio_esd.c,compile,expected identifier or '('
mibench,mad,consumer/mad/mad-0.14.2b/audio_oss.c,compile,expected identifier or '('
mibench,mad,consumer/mad/mad-0.14.2b/audio_sun.c,compile,expected identifier or '('
mibench,mad,consumer/mad/mad-0.14.2b/audio_win32.c,compile,'windows.h' file not found
mibench,mad,consumer/mad/mad-0.14.2b/intl/cat-compat.c,compile,unknown type name 'nl_catd'
mibench,mad,consumer/mad/mad-0.14.2b/intl/dcgettext.c,compile,use of undeclared identifier 'GNULOCALEDIR'
mibench,mad,consumer/mad/mad-0.14.2b/intl/localealias.c,compile,use of undeclared identifier 'LOCALE_ALIAS_PATH'
mibench,mad,consumer/mad/mad-0.14.2b/libmad/decoder.c,compile,"""no FPM selected"""
mibench,mad,consumer/mad/mad-0.14.2b/libmad/fixed.c,compile,"""no FPM selected"""
mibench,mad,consumer/mad/mad-0.14.2b/libmad/frame.c,compile,"""no FPM selected"""
mibench,mad,consumer/mad/mad-0.14.2b/libmad/layer12.c,compile,"""no FPM selected"""
mibench,mad,consumer/mad/mad-0.14.2b/libmad/layer3.c,compile,"""no FPM selected"""
mibench,mad,consumer/mad/mad-0.14.2b/libmad/synth.c,compile,"""no FPM selected"""
mibench,mad,consumer/mad/mad-0.14.2b/madmix.c,compile,expected identifier or '('
mibench,mad,consumer/mad/mad-0.14.2b/madtime.c,compile,"""madtime currently requires mmap() support"""
mibench,mad,consumer/mad/mad-0.14.2b/player.c,compile,use of undeclared identifier 'errno'; did you mean 'error'?
mibench,mad,consumer/mad/mad-0.14.2b/winamp/in_mad.c,compile,'windows.h' file not found
mibench,tiff-v3.5.4,consumer/tiff-v3.5.4/contrib/dbs/xtiff/xtiff.c,compile,'X11/Intrinsic.h' file not found
mibench,tiff-v3.5.4,consumer/tiff-v3.5.4/contrib/mfs/mfs_file.c,compile,use of undeclared identifier 'errno'
mibench,tiff-v3.5.4,consumer/tiff-v3.5.4/contrib/pds/tif_imageiter.c,compile,'tif_imgiter.h' file not found
mibench,tiff-v3.5.4,consumer/tiff-v3.5.4/contrib/ras/ras2tif.c,compile,'pixrect/pixrect_hs.h' file not found
mibench,tiff-v3.5.4,consumer/tiff-v3.5.4/contrib/ras/tif2ras.c,compile,'pixrect/pixrect_hs.h' file not found
mibench,tiff-v3.5.4,consumer/tiff-v3.5.4/contrib/win32/dllshell.c,compile,unknown type name 'dllshell'
mibench,tiff-v3.5.4,consumer/tiff-v3.5.4/contrib/win95/tiff2dib.c,compile,unknown type name 'HANDLE'
mibench,tiff-v3.5.4,consumer/tiff-v3.5.4/libtiff/tif_acorn.c,compile,'kernel.h' file not found
mibench,tiff-v3.5.4,consumer/tiff-v3.5.4/libtiff/tif_apple.c,compile,'Errors.h' file not found
mibench,tiff-v3.5.4,consumer/tiff-v3.5.4/libtiff/tif_atari.c,compile,'osbind.h' file not found
mibench,tiff-v3.5.4,consumer/tiff-v3.5.4/libtiff/tif_msdos.c,compile,use of undeclared identifier 'O_BINARY'
mibench,tiff-v3.5.4,consumer/tiff-v3.5.4/libtiff/tif_vms.c,compile,'unixio.h' file not found
mibench,tiff-v3.5.4,consumer/tiff-v3.5.4/libtiff/tif_win3.c,compile,'windows.h' file not found
mibench,tiff-v3.5.4,consumer/tiff-v3.5.4/libtiff/tif_win32.c,compile,'windows.h' file not found
mibench,tiff-v3.5.4,consumer/tiff-v3.5.4/tools/sgi2tiff.c,compile,'gl/image.h' file not found
mibench,tiff-v3.5.4,consumer/tiff-v3.5.4/tools/sgigt.c,compile,'gl.h' file not found
mibench,tiff-v3.5.4,consumer/tiff-v3.5.4/tools/sgisv.c,compile,'gl.h' file not found
mibench,tiff-v3.5.4,consumer/tiff-v3.5.4/tools/ycbcr.c,compile,second parameter of 'main' (argument array) must be of type 'char **'
mibench,typeset,consumer/typeset/lout-3.24/z01.c,compile,unknown type name 'If'
mibench,typeset,consumer/typeset/lout-3.24/z02.c,compile,unknown type name 'If'
mibench,typeset,consumer/typeset/lout-3.24/z03.c,compile,unknown type name 'If'
mibench,typeset,consumer/typeset/lout-3.24/z04.c,compile,unknown type name 'If'
mibench,typeset,consumer/typeset/lout-3.24/z05.c,compile,unknown type name 'If'
mibench,typeset,consumer/typeset/lout-3.24/z06.c,compile,unknown type name 'If'
mibench,typeset,consumer/typeset/lout-3.24/z07.c,compile,unknown type name 'If'
mibench,typeset,consumer/typeset/lout-3.24/z08.c,compile,unknown type name 'If'
mibench,typeset,consumer/typeset/lout-3.24/z09.c,compile,unknown type name 'If'
mibench,typeset,consumer/typeset/lout-3.24/z10.c,compile,unknown type name 'If'
mibench,typeset,consumer/typeset/lout-3.24/z11.c,compile,unknown type name 'If'
mibench,typeset,consumer/typeset/lout-3.24/z12.c,compile,unknown type name 'If'
mibench,typeset,consumer/typeset/lout-3.24/z13.c,compile,unknown type name 'If'
mibench,typeset,consumer/typeset/lout-3.24/z14.c,compile,unknown type name 'If'
mibench,typeset,consumer/typeset/lout-3.24/z15.c,compile,unknown type name 'If'
mibench,typeset,consumer/typeset/lout-3.24/z16.c,compile,unknown type name 'If'
mibench,typeset,consumer/typeset/lout-3.24/z17.c,compile,unknown type name 'If'
mibench,typeset,consumer/typeset/lout-3.24/z18.c,compile,unknown type name 'If'
mibench,typeset,consumer/typeset/lout-3.24/z19.c,compile,unknown type name 'If'
mibench,typeset,consumer/typeset/lout-3.24/z20.c,compile,unknown type name 'If'
mibench,typeset,consumer/typeset/lout-3.24/z21.c,compile,unknown type name 'If'
mibench,typeset,consumer/typeset/lout-3.24/z22.c,compile,unknown type name 'If'
mibench,typeset,consumer/typeset/lout-3.24/z23.c,compile,unknown type name 'If'
mibench,typeset,consumer/typeset/lout-3.24/z24.c,compile,unknown type name 'If'
mibench,typeset,consumer/typeset/lout-3.24/z25.c,compile,unknown type name 'If'
mibench,typeset,consumer/typeset/lout-3.24/z26.c,compile,unknown type name 'If'
mibench,typeset,consumer/typeset/lout-3.24/z27.c,compile,unknown type name 'If'
mibench,typeset,consumer/typeset/lout-3.24/z28.c,compile,unknown type name 'If'
mibench,typeset,consumer/typeset/lout-3.24/z29.c,compile,unknown type name 'If'
mibench,typeset,consumer/typeset/lout-3.24/z30.c,compile,unknown type name 'If'
mibench,typeset,consumer/typeset/lout-3.24/z31.c,compile,unknown type name 'If'
mibench,typeset,consumer/typeset/lout-3.24/z32.c,compile,unknown type name 'If'
mibench,typeset,consumer/typeset/lout-3.24/z33.c,compile,unknown type name 'If'
mibench,typeset,consumer/typeset/lout-3.24/z34.c,compile,unknown type name 'If'
mibench,typeset,consumer/typeset/lout-3.24/z35.c,compile,unknown type name 'If'
mibench,typeset,consumer/typeset/lout-3.24/z36.c,compile,unknown type name 'If'
mibench,typeset,consumer/typeset/lout-3.24/z37.c,compile,unknown type name 'If'
mibench,typeset,consumer/typeset/lout-3.24/z38.c,compile,unknown type name 'If'
mibench,typeset,consumer/typeset/lout-3.24/z39.c,compile,unknown type name 'If'
mibench,typeset,consumer/typeset/lout-3.24/z40.c,compile,unknown type name 'If'
mibench,typeset,consumer/typeset/lout-3.24/z41.c,compile,unknown type name 'If'
mibench,typeset,consumer/typeset/lout-3.24/z42.c,compile,unknown type name 'If'
mibench,typeset,consumer/typeset/lout-3.24/z43.c,compile,unknown type name 'If'
mibench,typeset,consumer/typeset/lout-3.24/z44.c,compile,unknown type name 'If'
mibench,typeset,consumer/typeset/lout-3.24/z45.c,compile,unknown type name 'If'
mibench,typeset,consumer/typeset/lout-3.24/z46.c,compile,unknown type name 'If'
mibench,typeset,consumer/typeset/lout-3.24/z47.c,compile,unknown type name 'If'
mibench,typeset,consumer/typeset/lout-3.24/z48.c,compile,unknown type name 'If'
mibench,typeset,consumer/typeset/lout-3.24/z49.c,compile,unknown type name 'If'
mibench,typeset,consumer/typeset/lout-3.24/z50.c,compile,unknown type name 'If'
mibench,typeset,consumer/typeset/lout-3.24/z51.c,compile,unknown type name 'If'
mibench,patricia,network/patricia/patricia_test.c,compile,'rpc/rpc.h' file not found
mibench,ghostscript,office/ghostscript/src/dpmainc.c,compile,'os2.h' file not found
mibench,ghostscript,office/ghostscript/src/gconf.c,compile,'arch.h' file not found
mibench,ghostscript,office/ghostscript/src/gdev3852.c,compile,'arch.h' file not found
mibench,ghostscript,office/ghostscript/src/gdev3b1.c,compile,'arch.h' file not found
mibench,ghostscript,office/ghostscript/src/gdev4081.c,compile,'arch.h' file not found
mibench,ghostscript,office/ghostscript/src/gdev4693.c,compile,'arch.h' file not found
mibench,ghostscript,office/ghostscript/src/gdev8510.c,compile,'arch.h' file not found
mibench,ghostscript,office/ghostscript/src/gdev8bcm.c,compile,'arch.h' file not found
mibench,ghostscript,office/ghostscript/src/gdevabuf.c,compile,'arch.h' file not found
mibench,ghostscript,office/ghostscript/src/gdevadmp.c,compile,'arch.h' file not found
mibench,ghostscript,office/ghostscript/src/gdevbbox.c,compile,'arch.h' file not found
mibench,ghostscript,office/ghostscript/src/gdevbgi.c,compile,'conio.h' file not found
mibench,ghostscript,office/ghostscript/src/gdevbit.c,compile,'arch.h' file not found
mibench,ghostscript,office/ghostscript/src/gdevbj10.c,compile,'arch.h' file not found
mibench,ghostscript,office/ghostscript/src/gdevbmp.c,compile,'arch.h' file not found
mibench,ghostscript,office/ghostscript/src/gdevccr.c,compile,'arch.h' file not found
mibench,ghostscript,office/ghostscript/src/gdevcdj.c,compile,'arch.h' file not found
mibench,ghostscript,office/ghostscript/src/gdevcgm.c,compile,'arch.h' file not found
mibench,ghostscript,office/ghostscript/src/gdevcgml.c,compile,'arch.h' file not found
mibench,ghostscript,office/ghostscript/src/gdevcif.c,compile,'arch.h' file not found
mibench,ghostscript,office/ghostscript/src/gdevcp50.c,compile,'arch.h' file not found
mibench,ghostscript,office/ghostscript/src/gdevddrw.c,compile,'arch.h' file not found
mibench,ghostscript,office/ghostscript/src/gdevdfax.c,compile,'arch.h' file not found
mibench,ghostscript,office/ghostscript/src/gdevdflt.c,compile,'arch.h' file not found
mibench,ghostscript,office/ghostscript/src/gdevdjet.c,compile,'arch.h' file not found
mibench,ghostscript,office/ghostscript/src/gdevdjtc.c,compile,'arch.h' file not found
mibench,ghostscript,office/ghostscript/src/gdevemap.c,compile,'arch.h' file not found
mibench,ghostscript,office/ghostscript/src/gdevepsc.c,compile,'arch.h' file not found
mibench,ghostscript,office/ghostscript/src/gdevepsn.c,compile,'arch.h' file not found
mibench,ghostscript,office/ghostscript/src/gdevescp.c,compile,'arch.h' file not found
mibench,ghostscript,office/ghostscript/src/gdevevga.c,compile,'arch.h' file not found
mibench,ghostscript,office/ghostscript/src/gdevherc.c,compile,'dos.h' file not found
mibench,ghostscript,office/ghostscript/src/gdevht.c,compile,'arch.h' file not found
mibench,ghostscript,office/ghostscript/src/gdevimgn.c,compile,'arch.h' file not found
mibench,ghostscript,office/ghostscript/src/gdevjpeg.c,compile,'arch.h' file not found
mibench,ghostscript,office/ghostscript/src/gdevl256.c,compile,'arch.h' file not found
mibench,ghostscript,office/ghostscript/src/gdevlbp8.c,compile,'arch.h' file not found
mibench,ghostscript,office/ghostscript/src/gdevlj56.c,compile,'arch.h' file not found
mibench,ghostscript,office/ghostscript/src/gdevln03.c,compile,'arch.h' file not found
mibench,ghostscript,office/ghostscript/src/gdevlp8k.c,compile,'arch.h' file not found
mibench,ghostscript,office/ghostscript/src/gdevm1.c,compile,'arch.h' file not found
mibench,ghostscript,office/ghostscript/src/gdevm16.c,compile,'arch.h' file not found
mibench,ghostscript,office/ghostscript/src/gdevm2.c,compile,'arch.h' file not found
mibench,ghostscript,office/ghostscript/src/gdevm24.c,compile,'arch.h' file not found
mibench,ghostscript,office/ghostscript/src/gdevm32.c,compile,'arch.h' file not found
mibench,ghostscript,office/ghostscript/src/gdevm4.c,compile,'arch.h' file not found
mibench,ghostscript,office/ghostscript/src/gdevm8.c,compile,'arch.h' file not found
mibench,ghostscript,office/ghostscript/src/gdevmem.c,compile,'arch.h' file not found
mibench,ghostscript,office/ghostscript/src/gdevmgr.c,compile,'arch.h' file not found
mibench,ghostscript,office/ghostscript/src/gdevmiff.c,compile,'arch.h' file not found
mibench,ghostscript,office/ghostscript/src/gdevmpla.c,compile,'arch.h' file not found
mibench,ghostscript,office/ghostscript/src/gdevmrop.c,compile,'arch.h' file not found
mibench,ghostscript,office/ghostscript/src/gdevmswn.c,compile,'arch.h' file not found
mibench,ghostscript,office/ghostscript/src/gdevmsxf.c,compile,'arch.h' file not found
mibench,ghostscript,office/ghostscript/src/gdevn533.c,compile,'arch.h' file not found
mibench,ghostscript,office/ghostscript/src/gdevnfwd.c,compile,'arch.h' file not found
mibench,ghostscript,office/ghostscript/src/gdevnp6.c,compile,'arch.h' file not found
mibench,ghostscript,office/ghostscript/src/gdevo182.c,compile,'arch.h' file not found
mibench,ghostscript,office/ghostscript/src/gdevokii.c,compile,'arch.h' file not found
mibench,ghostscript,office/ghostscript/src/gdevos2p.c,compile,'os2.h' file not found
mibench,ghostscript,office/ghostscript/src/gdevp2up.c,compile,'arch.h' file not found
mibench,ghostscript,office/ghostscript/src/gdevpbm.c,compile,'arch.h' file not found
mibench,ghostscript,office/ghostscript/src/gdevpccm.c,compile,'arch.h' file not found
mibench,ghostscript,office/ghostscript/src/gdevpcfb.c,compile,'arch.h' file not found
mibench,ghostscript,office/ghostscript/src/gdevpcl.c,compile,'arch.h' file not found
mibench,ghostscript,office/ghostscript/src/gdevpcx.c,compile,'arch.h' file not found
mibench,ghostscript,office/ghostscript/src/gdevpdf.c,compile,'arch.h' file not found
mibench,ghostscript,office/ghostscript/src/gdevpdfi.c,compile,'arch.h' file not found
mibench,ghostscript,office/ghostscript/src/gdevpdfm.c,compile,'arch.h' file not found
mibench,ghostscript,office/ghostscript/src/gdevpdfp.c,compile,'arch.h' file not found
mibench,ghostscript,office/ghostscript/src/gdevpdft.c,compile,'arch.h' file not found
mibench,ghostscript,office/ghostscript/src/gdevpe.c,compile,'arch.h' file not found
mibench,ghostscript,office/ghostscript/src/gdevpfax.c,compile,'arch.h' file not found
mibench,ghostscript,office/ghostscript/src/gdevpipe.c,compile,'arch.h' file not found
mibench,ghostscript,office/ghostscript/src/gdevpjet.c,compile,'arch.h' file not found
mibench,ghostscript,office/ghostscript/src/gdevpm.c,compile,'os2.h' file not found
mibench,ghostscript,office/ghostscript/src/gdevpng.c,compile,'arch.h' file not found
mibench,ghostscript,office/ghostscript/src/gdevprn.c,compile,'arch.h' file not found
mibench,ghostscript,office/ghostscript/src/gdevps.c,compile,'arch.h' file not found
mibench,ghostscript,office/ghostscript/src/gdevpsdf.c,compile,'arch.h' file not found
mibench,ghostscript,office/ghostscript/src/gdevpsim.c,compile,'arch.h' file not found
mibench,ghostscript,office/ghostscript/src/gdevpstr.c,compile,'arch.h' file not found
mibench,ghostscript,office/ghostscript/src/gdevpx.c,compile,'arch.h' file not found
mibench,ghostscript,office/ghostscript/src/gdevrrgb.c,compile,'arch.h' file not found
mibench,ghostscript,office/ghostscript/src/gdevrun.c,compile,'arch.h' file not found
mibench,ghostscript,office/ghostscript/src/gdevs3ga.c,compile,'arch.h' file not found
mibench,ghostscript,office/ghostscript/src/gdevsco.c,compile,'arch.h' file not found
mibench,ghostscript,office/ghostscript/src/gdevsgi.c,compile,'arch.h' file not found
mibench,ghostscript,office/ghostscript/src/gdevsj48.c,compile,'arch.h' file not found
mibench,ghostscript,office/ghostscript/src/gdevsnfb.c,compile,'arch.h' file not found
mibench,ghostscript,office/ghostscript/src/gdevsppr.c,compile,'arch.h' file not found
mibench,ghostscript,office/ghostscript/src/gdevstc.c,compile,'arch.h' file not found
mibench,ghostscript,office/ghostscript/src/gdevstc1.c,compile,'arch.h' file not found
mibench,ghostscript,office/ghostscript/src/gdevstc2.c,compile,'arch.h' file not found
mibench,ghostscript,office/ghostscript/src/gdevstc3.c,compile,'arch.h' file not found
mibench,ghostscript,office/ghostscript/src/gdevstc4.c,compile,'arch.h' file not found
mibench,ghostscript,office/ghostscript/src/gdevsun.c,compile,'arch.h' file not found
mibench,ghostscript,office/ghostscript/src/gdevsvga.c,compile,'arch.h' file not found
mibench,ghostscript,office/ghostscript/src/gdevtfax.c,compile,'arch.h' file not found
mibench,ghostscript,office/ghostscript/src/gdevtfnx.c,compile,'arch.h' file not found
mibench,ghostscript,office/ghostscript/src/gdevtifs.c,compile,'arch.h' file not found
mibench,ghostscript,office/ghostscript/src/gdevtknk.c,compile,'arch.h' file not found
mibench,ghostscript,office/ghostscript/src/gdevupd.c,compile,'arch.h' file not found
mibench,ghostscript,office/ghostscript/src/gdevvec.c,compile,'arch.h' file not found
mibench,ghostscript,office/ghostscript/src/gdevvglb.c,compile,'arch.h' file not found
mibench,ghostscript,office/ghostscript/src/gdevwddb.c,compile,'arch.h' file not found
mibench,ghostscript,office/ghostscript/src/gdevwdib.c,compile,'arch.h' file not found
mibench,ghostscript,office/ghostscript/src/gdevwpr2.c,compile,'arch.h' file not found
mibench,ghostscript,office/ghostscript/src/gdevwprn.c,compile,'arch.h' file not found
mibench,ghostscript,office/ghostscript/src/gdevx.c,compile,'arch.h' file not found
mibench,ghostscript,office/ghostscript/src/gdevxalt.c,compile,'arch.h' file not found
mibench,ghostscript,office/ghostscript/src/gdevxes.c,compile,'arch.h' file not found
mibench,ghostscript,office/ghostscript/src/gdevxini.c,compile,'arch.h' file not found
mibench,ghostscript,office/ghostscript/src/gdevxxf.c,compile,'arch.h' file not found
mibench,ghostscript,office/ghostscript/src/geninit.c,compile,'arch.h' file not found
mibench,ghostscript,office/ghostscript/src/gp_dosfb.c,compile,'conio.h' file not found
mibench,ghostscript,office/ghostscript/src/gp_dosfe.c,compile,'arch.h' file not found
mibench,ghostscript,office/ghostscript/src/gp_dosfs.c,compile,'dos.h' file not found
mibench,ghostscript,office/ghostscript/src/gp_dvx.c,compile,'arch.h' file not found
mibench,ghostscript,office/ghostscript/src/gp_itbc.c,compile,'dos.h' file not found
mibench,ghostscript,office/ghostscript/src/gp_iwatc.c,compile,'dos.h' file not found
mibench,ghostscript,office/ghostscript/src/gp_msdos.c,compile,'arch.h' file not found
mibench,ghostscript,office/ghostscript/src/gp_mswin.c,compile,'arch.h' file not found
mibench,ghostscript,office/ghostscript/src/gp_nofb.c,compile,'arch.h' file not found
mibench,ghostscript,office/ghostscript/src/gp_ntfs.c,compile,'arch.h' file not found
mibench,ghostscript,office/ghostscript/src/gp_os2.c,compile,'os2.h' file not found
mibench,ghostscript,office/ghostscript/src/gp_os9.c,compile,'arch.h' file not found
mibench,ghostscript,office/ghostscript/src/gp_sysv.c,compile,'arch.h' file not found
mibench,ghostscript,office/ghostscript/src/gp_unifn.c,compile,'arch.h' file not found
mibench,ghostscript,office/ghostscript/src/gp_unifs.c,compile,'arch.h' file not found
mibench,ghostscript,office/ghostscript/src/gp_unix.c,compile,'arch.h' file not found
mibench,ghostscript,office/ghostscript/src/gp_vms.c,compile,'arch.h' file not found
mibench,ghostscript,office/ghostscript/src/gp_win32.c,compile,'arch.h' file not found
mibench,ghostscript,office/ghostscript/src/gs.c,compile,'arch.h' file not found
mibench,ghostscript,office/ghostscript/src/gs16spl.c,compile,'windows.h' file not found
mibench,ghostscript,office/ghostscript/src/gsalloc.c,compile,'arch.h' file not found
mibench,ghostscript,office/ghostscript/src/gsargs.c,compile,'arch.h' file not found
mibench,ghostscript,office/ghostscript/src/gsbitops.c,compile,'arch.h' file not found
mibench,ghostscript,office/ghostscript/src/gscdef.c,compile,'gconfig.h' file not found
mibench,ghostscript,office/ghostscript/src/gschar.c,compile,'arch.h' file not found
mibench,ghostscript,office/ghostscript/src/gschar0.c,compile,'arch.h' file not found
mibench,ghostscript,office/ghostscript/src/gscie.c,compile,'arch.h' file not found
mibench,ghostscript,office/ghostscript/src/gscolor.c,compile,'arch.h' file not found
mibench,ghostscript,office/ghostscript/src/gscolor1.c,compile,'arch.h' file not found
mibench,ghostscript,office/ghostscript/src/gscolor2.c,compile,'arch.h' file not found
mibench,ghostscript,office/ghostscript/src/gscoord.c,compile,'arch.h' file not found
mibench,ghostscript,office/ghostscript/src/gscsepr.c,compile,'arch.h' file not found
mibench,ghostscript,office/ghostscript/src/gsdevice.c,compile,'arch.h' file not found
mibench,ghostscript,office/ghostscript/src/gsdevmem.c,compile,'arch.h' file not found
mibench,ghostscript,office/ghostscript/src/gsdll.c,compile,'arch.h' file not found
mibench,ghostscript,office/ghostscript/src/gsdparam.c,compile,'arch.h' file not found
mibench,ghostscript,office/ghostscript/src/gsdps1.c,compile,'arch.h' file not found
mibench,ghostscript,office/ghostscript/src/gserver.c,compile,'arch.h' file not found
mibench,ghostscript,office/ghostscript/src/gsfcmap.c,compile,'arch.h' file not found
mibench,ghostscript,office/ghostscript/src/gsfemu.c,compile,'arch.h' file not found
mibench,ghostscript,office/ghostscript/src/gsflip.c,compile,'arch.h' file not found
mibench,ghostscript,office/ghostscript/src/gsfont.c,compile,'arch.h' file not found
mibench,ghostscript,office/ghostscript/src/gsfont0.c,compile,'arch.h' file not found
mibench,ghostscript,office/ghostscript/src/gshsb.c,compile,'arch.h' file not found
mibench,ghostscript,office/ghostscript/src/gsht.c,compile,'arch.h' file not found
mibench,ghostscript,office/ghostscript/src/gsht1.c,compile,'arch.h' file not found
mibench,ghostscript,office/ghostscript/src/gshtscr.c,compile,'arch.h' file not found
mibench,ghostscript,office/ghostscript/src/gsimage.c,compile,'arch.h' file not found
mibench,ghostscript,office/ghostscript/src/gsimpath.c,compile,'arch.h' file not found
mibench,ghostscript,office/ghostscript/src/gsinit.c,compile,'arch.h' file not found
mibench,ghostscript,office/ghostscript/src/gsiodev.c,compile,'arch.h' file not found
mibench,ghostscript,office/ghostscript/src/gsjerror.c,compile,'jerrorig.c' file not found
mibench,ghostscript,office/ghostscript/src/gslib.c,compile,'arch.h' file not found
mibench,ghostscript,office/ghostscript/src/gsline.c,compile,'arch.h' file not found
mibench,ghostscript,office/ghostscript/src/gsmatrix.c,compile,'arch.h' file not found
mibench,ghostscript,office/ghostscript/src/gsmemory.c,compile,'arch.h' file not found
mibench,ghostscript,office/ghostscript/src/gsmisc.c,compile,'arch.h' file not found
mibench,ghostscript,office/ghostscript/src/gsnogc.c,compile,'arch.h' file not found
mibench,ghostscript,office/ghostscript/src/gspaint.c,compile,'arch.h' file not found
mibench,ghostscript,office/ghostscript/src/gsparam.c,compile,'arch.h' file not found
mibench,ghostscript,office/ghostscript/src/gspath.c,compile,'arch.h' file not found
mibench,ghostscript,office/ghostscript/src/gspath1.c,compile,'arch.h' file not found
mibench,ghostscript,office/ghostscript/src/gspcolor.c,compile,'arch.h' file not found
mibench,ghostscript,office/ghostscript/src/gspmdrv.c,compile,'os2.h' file not found
mibench,ghostscript,office/ghostscript/src/gsrop.c,compile,'arch.h' file not found
mibench,ghostscript,office/ghostscript/src/gsstate.c,compile,'arch.h' file not found
mibench,ghostscript,office/ghostscript/src/gstype1.c,compile,'arch.h' file not found
mibench,ghostscript,office/ghostscript/src/gstype2.c,compile,'arch.h' file not found
mibench,ghostscript,office/ghostscript/src/gstype42.c,compile,'arch.h' file not found
mibench,ghostscript,office/ghostscript/src/gsutil.c,compile,'arch.h' file not found
mibench,ghostscript,office/ghostscript/src/gxacpath.c,compile,'arch.h' file not found
mibench,ghostscript,office/ghostscript/src/gxbcache.c,compile,'arch.h' file not found
mibench,ghostscript,office/ghostscript/src/gxccache.c,compile,'arch.h' file not found
mibench,ghostscript,office/ghostscript/src/gxccman.c,compile,'arch.h' file not found
mibench,ghostscript,office/ghostscript/src/gxcht.c,compile,'arch.h' file not found
mibench,ghostscript,office/ghostscript/src/gxclbits.c,compile,'arch.h' file not found
mibench,ghostscript,office/ghostscript/src/gxclfile.c,compile,'arch.h' file not found
mibench,ghostscript,office/ghostscript/src/gxclimag.c,compile,'arch.h' file not found
mibench,ghostscript,office/ghostscript/src/gxclip2.c,compile,'arch.h' file not found
mibench,ghostscript,office/ghostscript/src/gxclist.c,compile,'arch.h' file not found
mibench,ghostscript,office/ghostscript/src/gxcllzw.c,compile,'arch.h' file not found
mibench,ghostscript,office/ghostscript/src/gxclmem.c,compile,'arch.h' file not found
mibench,ghostscript,office/ghostscript/src/gxclpage.c,compile,'arch.h' file not found
mibench,ghostscript,office/ghostscript/src/gxclpath.c,compile,'arch.h' file not found
mibench,ghostscript,office/ghostscript/src/gxclread.c,compile,'arch.h' file not found
mibench,ghostscript,office/ghostscript/src/gxclrect.c,compile,'arch.h' file not found
mibench,ghostscript,office/ghostscript/src/gxclzlib.c,compile,'arch.h' file not found
mibench,ghostscript,office/ghostscript/src/gxcmap.c,compile,'arch.h' file not found
mibench,ghostscript,office/ghostscript/src/gxcpath.c,compile,'arch.h' file not found
mibench,ghostscript,office/ghostscript/src/gxctable.c,compile,'arch.h' file not found
mibench,ghostscript,office/ghostscript/src/gxdcconv.c,compile,'arch.h' file not found
mibench,ghostscript,office/ghostscript/src/gxdcolor.c,compile,'arch.h' file not found
mibench,ghostscript,office/ghostscript/src/gxdither.c,compile,'arch.h' file not found
mibench,ghostscript,office/ghostscript/src/gxfill.c,compile,'arch.h' file not found
mibench,ghostscript,office/ghostscript/src/gxhint1.c,compile,'arch.h' file not found
mibench,ghostscript,office/ghostscript/src/gxhint2.c,compile,'arch.h' file not found
mibench,ghostscript,office/ghostscript/src/gxhint3.c,compile,'arch.h' file not found
mibench,ghostscript,office/ghostscript/src/gxht.c,compile,'arch.h' file not found
mibench,ghostscript,office/ghostscript/src/gximage.c,compile,'arch.h' file not found
mibench,ghostscript,office/ghostscript/src/gximage0.c,compile,'arch.h' file not found
mibench,ghostscript,office/ghostscript/src/gximage1.c,compile,'arch.h' file not found
mibench,ghostscript,office/ghostscript/src/gximage2.c,compile,'arch.h' file not found
mibench,ghostscript,office/ghostscript/src/gximage3.c,compile,'arch.h' file not found
mibench,ghostscript,office/ghostscript/src/gximage4.c,compile,'arch.h' file not found
mibench,ghostscript,office/ghostscript/src/gximage5.c,compile,'arch.h' file not found
mibench,ghostscript,office/ghostscript/src/gxpaint.c,compile,'arch.h' file not found
mibench,ghostscript,office/ghostscript/src/gxpath.c,compile,'arch.h' file not found
mibench,ghostscript,office/ghostscript/src/gxpath2.c,compile,'arch.h' file not found
mibench,ghostscript,office/ghostscript/src/gxpcmap.c,compile,'arch.h' file not found
mibench,ghostscript,office/ghostscript/src/gxpcopy.c,compile,'arch.h' file not found
mibench,ghostscript,office/ghostscript/src/gxpdash.c,compile,'arch.h' file not found
mibench,ghostscript,office/ghostscript/src/gxpflat.c,compile,'arch.h' file not found
mibench,ghostscript,office/ghostscript/src/gxsample.c,compile,'arch.h' file not found
mibench,ghostscript,office/ghostscript/src/gxstroke.c,compile,'arch.h' file not found
mibench,ghostscript,office/ghostscript/src/gxtype1.c,compile,'arch.h' file not found
mibench,ghostscript,office/ghostscript/src/ialloc.c,compile,'arch.h' file not found
mibench,ghostscript,office/ghostscript/src/ibnum.c,compile,'arch.h' file not found
mibench,ghostscript,office/ghostscript/src/iccfont.c,compile,'arch.h' file not found
mibench,ghostscript,office/ghostscript/src/icfontab.c,compile,'arch.h' file not found
mibench,ghostscript,office/ghostscript/src/iconf.c,compile,'arch.h' file not found
mibench,ghostscript,office/ghostscript/src/icontext.c,compile,'arch.h' file not found
mibench,ghostscript,office/ghostscript/src/idebug.c,compile,'arch.h' file not found
mibench,ghostscript,office/ghostscript/src/idict.c,compile,'arch.h' file not found
mibench,ghostscript,office/ghostscript/src/idparam.c,compile,'arch.h' file not found
mibench,ghostscript,office/ghostscript/src/igc.c,compile,'arch.h' file not found
mibench,ghostscript,office/ghostscript/src/igcref.c,compile,'arch.h' file not found
mibench,ghostscript,office/ghostscript/src/igcstr.c,compile,'arch.h' file not found
mibench,ghostscript,office/ghostscript/src/iinit.c,compile,'arch.h' file not found
mibench,ghostscript,office/ghostscript/src/ilocate.c,compile,'arch.h' file not found
mibench,ghostscript,office/ghostscript/src/imain.c,compile,'arch.h' file not found
mibench,ghostscript,office/ghostscript/src/imainarg.c,compile,'arch.h' file not found
mibench,ghostscript,office/ghostscript/src/iname.c,compile,'arch.h' file not found
mibench,ghostscript,office/ghostscript/src/interp.c,compile,'arch.h' file not found
mibench,ghostscript,office/ghostscript/src/iparam.c,compile,'arch.h' file not found
mibench,ghostscript,office/ghostscript/src/ireclaim.c,compile,'arch.h' file not found
mibench,ghostscript,office/ghostscript/src/isave.c,compile,'arch.h' file not found
mibench,ghostscript,office/ghostscript/src/iscan.c,compile,'arch.h' file not found
mibench,ghostscript,office/ghostscript/src/iscanbin.c,compile,'arch.h' file not found
mibench,ghostscript,office/ghostscript/src/iscannum.c,compile,'arch.h' file not found
mibench,ghostscript,office/ghostscript/src/istack.c,compile,'arch.h' file not found
mibench,ghostscript,office/ghostscript/src/iutil.c,compile,'arch.h' file not found
mibench,ghostscript,office/ghostscript/src/iutil2.c,compile,'arch.h' file not found
mibench,ghostscript,office/ghostscript/src/jpeg-6a/cdjpeg.c,compile,'jconfig.h' file not found
mibench,ghostscript,office/ghostscript/src/jpeg-6a/cjpeg.c,compile,'jconfig.h' file not found
mibench,ghostscript,office/ghostscript/src/jpeg-6a/djpeg.c,compile,'jconfig.h' file not found
mibench,ghostscript,office/ghostscript/src/jpeg-6a/example.c,compile,'jconfig.h' file not found
mibench,ghostscript,office/ghostscript/src/jpeg-6a/jcapimin.c,compile,'jconfig.h' file not found
mibench,ghostscript,office/ghostscript/src/jpeg-6a/jcapistd.c,compile,'jconfig.h' file not found
mibench,ghostscript,office/ghostscript/src/jpeg-6a/jccoefct.c,compile,'jconfig.h' file not found
mibench,ghostscript,office/ghostscript/src/jpeg-6a/jccolor.c,compile,'jconfig.h' file not found
mibench,ghostscript,office/ghostscript/src/jpeg-6a/jcdctmgr.c,compile,'jconfig.h' file not found
mibench,ghostscript,office/ghostscript/src/jpeg-6a/jchuff.c,compile,'jconfig.h' file not found
mibench,ghostscript,office/ghostscript/src/jpeg-6a/jcinit.c,compile,'jconfig.h' file not found
mibench,ghostscript,office/ghostscript/src/jpeg-6a/jcmainct.c,compile,'jconfig.h' file not found
mibench,ghostscript,office/ghostscript/src/jpeg-6a/jcmarker.c,compile,'jconfig.h' file not found
mibench,ghostscript,office/ghostscript/src/jpeg-6a/jcmaster.c,compile,'jconfig.h' file not found
mibench,ghostscript,office/ghostscript/src/jpeg-6a/jcomapi.c,compile,'jconfig.h' file not found
mibench,ghostscript,office/ghostscript/src/jpeg-6a/jcparam.c,compile,'jconfig.h' file not found
mibench,ghostscript,office/ghostscript/src/jpeg-6a/jcphuff.c,compile,'jconfig.h' file not found
mibench,ghostscript,office/ghostscript/src/jpeg-6a/jcprepct.c,compile,'jconfig.h' file not found
mibench,ghostscript,office/ghostscript/src/jpeg-6a/jcsample.c,compile,'jconfig.h' file not found
mibench,ghostscript,office/ghostscript/src/jpeg-6a/jctrans.c,compile,'jconfig.h' file not found
mibench,ghostscript,office/ghostscript/src/jpeg-6a/jdapimin.c,compile,'jconfig.h' file not found
mibench,ghostscript,office/ghostscript/src/jpeg-6a/jdapistd.c,compile,'jconfig.h' file not found
mibench,ghostscript,office/ghostscript/src/jpeg-6a/jdatadst.c,compile,'jconfig.h' file not found
mibench,ghostscript,office/ghostscript/src/jpeg-6a/jdatasrc.c,compile,'jconfig.h' file not found
mibench,ghostscript,office/ghostscript/src/jpeg-6a/jdcoefct.c,compile,'jconfig.h' file not found
mibench,ghostscript,office/ghostscript/src/jpeg-6a/jdcolor.c,compile,'jconfig.h' file not found
mibench,ghostscript,office/ghostscript/src/jpeg-6a/jddctmgr.c,compile,'jconfig.h' file not found
mibench,ghostscript,office/ghostscript/src/jpeg-6a/jdhuff.c,compile,'jconfig.h' file not found
mibench,ghostscript,office/ghostscript/src/jpeg-6a/jdinput.c,compile,'jconfig.h' file not found
mibench,ghostscript,office/ghostscript/src/jpeg-6a/jdmainct.c,compile,'jconfig.h' file not found
mibench,ghostscript,office/ghostscript/src/jpeg-6a/jdmarker.c,compile,'jconfig.h' file not found
mibench,ghostscript,office/ghostscript/src/jpeg-6a/jdmaster.c,compile,'jconfig.h' file not found
mibench,ghostscript,office/ghostscript/src/jpeg-6a/jdmerge.c,compile,'jconfig.h' file not found
mibench,ghostscript,office/ghostscript/src/jpeg-6a/jdphuff.c,compile,'jconfig.h' file not found
mibench,ghostscript,office/ghostscript/src/jpeg-6a/jdpostct.c,compile,'jconfig.h' file not found
mibench,ghostscript,office/ghostscript/src/jpeg-6a/jdsample.c,compile,'jconfig.h' file not found
mibench,ghostscript,office/ghostscript/src/jpeg-6a/jdtrans.c,compile,'jconfig.h' file not found
mibench,ghostscript,office/ghostscript/src/jpeg-6a/jerror.c,compile,'jconfig.h' file not found
mibench,ghostscript,office/ghostscript/src/jpeg-6a/jfdctflt.c,compile,'jconfig.h' file not found
mibench,ghostscript,office/ghostscript/src/jpeg-6a/jfdctfst.c,compile,'jconfig.h' file not found
mibench,ghostscript,office/ghostscript/src/jpeg-6a/jfdctint.c,compile,'jconfig.h' file not found
mibench,ghostscript,office/ghostscript/src/jpeg-6a/jidctflt.c,compile,'jconfig.h' file not found
mibench,ghostscript,office/ghostscript/src/jpeg-6a/jidctfst.c,compile,'jconfig.h' file not found
mibench,ghostscript,office/ghostscript/src/jpeg-6a/jidctint.c,compile,'jconfig.h' file not found
mibench,ghostscript,office/ghostscript/src/jpeg-6a/jidctred.c,compile,'jconfig.h' file not found
mibench,ghostscript,office/ghostscript/src/jpeg-6a/jmemansi.c,compile,'jconfig.h' file not found
mibench,ghostscript,office/ghostscript/src/jpeg-6a/jmemdos.c,compile,'jconfig.h' file not found
mibench,ghostscript,office/ghostscript/src/jpeg-6a/jmemmac.c,compile,'jconfig.h' file not found
mibench,ghostscript,office/ghostscript/src/jpeg-6a/jmemmgr.c,compile,'jconfig.h' file not found
mibench,ghostscript,office/ghostscript/src/jpeg-6a/jmemname.c,compile,'jconfig.h' file not found
mibench,ghostscript,office/ghostscript/src/jpeg-6a/jmemnobs.c,compile,'jconfig.h' file not found
mibench,ghostscript,office/ghostscript/src/jpeg-6a/jpegtran.c,compile,'jconfig.h' file not found
mibench,ghostscript,office/ghostscript/src/jpeg-6a/jquant1.c,compile,'jconfig.h' file not found
mibench,ghostscript,office/ghostscript/src/jpeg-6a/jquant2.c,compile,'jconfig.h' file not found
mibench,ghostscript,office/ghostscript/src/jpeg-6a/jutils.c,compile,'jconfig.h' file not found
mibench,ghostscript,office/ghostscript/src/jpeg-6a/rdbmp.c,compile,'jconfig.h' file not found
mibench,ghostscript,office/ghostscript/src/jpeg-6a/rdcolmap.c,compile,'jconfig.h' file not found
mibench,ghostscript,office/ghostscript/src/jpeg-6a/rdgif.c,compile,'jconfig.h' file not found
mibench,ghostscript,office/ghostscript/src/jpeg-6a/rdjpgcom.c,compile,'jconfig.h' file not found
mibench,ghostscript,office/ghostscript/src/jpeg-6a/rdppm.c,compile,'jconfig.h' file not found
mibench,ghostscript,office/ghostscript/src/jpeg-6a/rdrle.c,compile,'jconfig.h' file not found
mibench,ghostscript,office/ghostscript/src/jpeg-6a/rdswitch.c,compile,'jconfig.h' file not found
mibench,ghostscript,office/ghostscript/src/jpeg-6a/rdtarga.c,compile,'jconfig.h' file not found
mibench,ghostscript,office/ghostscript/src/jpeg-6a/wrbmp.c,compile,'jconfig.h' file not found
mibench,ghostscript,office/ghostscript/src/jpeg-6a/wrgif.c,compile,'jconfig.h' file not found
mibench,ghostscript,office/ghostscript/src/jpeg-6a/wrjpgcom.c,compile,'jconfig.h' file not found
mibench,ghostscript,office/ghostscript/src/jpeg-6a/wrppm.c,compile,'jconfig.h' file not found
mibench,ghostscript,office/ghostscript/src/jpeg-6a/wrrle.c,compile,'jconfig.h' file not found
mibench,ghostscript,office/ghostscript/src/jpeg-6a/wrtarga.c,compile,'jconfig.h' file not found
mibench,ghostscript,office/ghostscript/src/libpng/example.c,compile,use of undeclared identifier 'user_error_ptr'
mibench,ghostscript,office/ghostscript/src/sbcp.c,compile,'arch.h' file not found
mibench,ghostscript,office/ghostscript/src/sbhc.c,compile,'arch.h' file not found
mibench,ghostscript,office/ghostscript/src/sbwbs.c,compile,'arch.h' file not found
mibench,ghostscript,office/ghostscript/src/scfd.c,compile,'arch.h' file not found
mibench,ghostscript,office/ghostscript/src/scfdgen.c,compile,'arch.h' file not found
mibench,ghostscript,office/ghostscript/src/scfdtab.c,compile,'arch.h' file not found
mibench,ghostscript,office/ghostscript/src/scfe.c,compile,'arch.h' file not found
mibench,ghostscript,office/ghostscript/src/scfetab.c,compile,'arch.h' file not found
mibench,ghostscript,office/ghostscript/src/sdctc.c,compile,'arch.h' file not found
mibench,ghostscript,office/ghostscript/src/sdctd.c,compile,'arch.h' file not found
mibench,ghostscript,office/ghostscript/src/sdcte.c,compile,'arch.h' file not found
mibench,ghostscript,office/ghostscript/src/seexec.c,compile,'arch.h' file not found
mibench,ghostscript,office/ghostscript/src/sfilter1.c,compile,'arch.h' file not found
mibench,ghostscript,office/ghostscript/src/sfilter2.c,compile,'arch.h' file not found
mibench,ghostscript,office/ghostscript/src/sfxboth.c,compile,'arch.h' file not found
mibench,ghostscript,office/ghostscript/src/sfxfd.c,compile,'arch.h' file not found
mibench,ghostscript,office/ghostscript/src/sfxstdio.c,compile,'arch.h' file not found
mibench,ghostscript,office/ghostscript/src/shc.c,compile,'arch.h' file not found
mibench,ghostscript,office/ghostscript/src/shcgen.c,compile,'arch.h' file not found
mibench,ghostscript,office/ghostscript/src/siscale.c,compile,'arch.h' file not found
mibench,ghostscript,office/ghostscript/src/sjpegc.c,compile,'arch.h' file not found
mibench,ghostscript,office/ghostscript/src/sjpegd.c,compile,'arch.h' file not found
mibench,ghostscript,office/ghostscript/src/sjpege.c,compile,'arch.h' file not found
mibench,ghostscript,office/ghostscript/src/sjpegerr.c,compile,'arch.h' file not found
mibench,ghostscript,office/ghostscript/src/slzwc.c,compile,'arch.h' file not found
mibench,ghostscript,office/ghostscript/src/slzwce.c,compile,'arch.h' file not found
mibench,ghostscript,office/ghostscript/src/slzwd.c,compile,'arch.h' file not found
mibench,ghostscript,office/ghostscript/src/smtf.c,compile,'arch.h' file not found
mibench,ghostscript,office/ghostscript/src/spcxd.c,compile,'arch.h' file not found
mibench,ghostscript,office/ghostscript/src/spdiff.c,compile,'arch.h' file not found
mibench,ghostscript,office/ghostscript/src/spngp.c,compile,'arch.h' file not found
mibench,ghostscript,office/ghostscript/src/srld.c,compile,'arch.h' file not found
mibench,ghostscript,office/ghostscript/src/srle.c,compile,'arch.h' file not found
mibench,ghostscript,office/ghostscript/src/sstring.c,compile,'arch.h' file not found
mibench,ghostscript,office/ghostscript/src/stream.c,compile,'arch.h' file not found
mibench,ghostscript,office/ghostscript/src/szlibc.c,compile,'arch.h' file not found
mibench,ghostscript,office/ghostscript/src/szlibd.c,compile,'arch.h' file not found
mibench,ghostscript,office/ghostscript/src/szlibe.c,compile,'arch.h' file not found
mibench,ghostscript,office/ghostscript/src/zarith.c,compile,'arch.h' file not found
mibench,ghostscript,office/ghostscript/src/zarray.c,compile,'arch.h' file not found
mibench,ghostscript,office/ghostscript/src/zbseq.c,compile,'arch.h' file not found
mibench,ghostscript,office/ghostscript/src/zchar.c,compile,'arch.h' file not found
mibench,ghostscript,office/ghostscript/src/zchar1.c,compile,'arch.h' file not found
mibench,ghostscript,office/ghostscript/src/zchar2.c,compile,'arch.h' file not found
mibench,ghostscript,office/ghostscript/src/zchar42.c,compile,'arch.h' file not found
mibench,ghostscript,office/ghostscript/src/zcharout.c,compile,'arch.h' file not found
mibench,ghostscript,office/ghostscript/src/zcid.c,compile,'arch.h' file not found
mibench,ghostscript,office/ghostscript/src/zcie.c,compile,'arch.h' file not found
mibench,ghostscript,office/ghostscript/src/zcolor.c,compile,'arch.h' file not found
mibench,ghostscript,office/ghostscript/src/zcolor1.c,compile,'arch.h' file not found
mibench,ghostscript,office/ghostscript/src/zcolor2.c,compile,'arch.h' file not found
mibench,ghostscript,office/ghostscript/src/zcontext.c,compile,'arch.h' file not found
mibench,ghostscript,office/ghostscript/src/zcontrol.c,compile,'arch.h' file not found
mibench,ghostscript,office/ghostscript/src/zcrd.c,compile,'arch.h' file not found
mibench,ghostscript,office/ghostscript/src/zcsindex.c,compile,'arch.h' file not found
mibench,ghostscript,office/ghostscript/src/zcssepr.c,compile,'arch.h' file not found
mibench,ghostscript,office/ghostscript/src/zdevcal.c,compile,'arch.h' file not found
mibench,ghostscript,office/ghostscript/src/zdevice.c,compile,'arch.h' file not found
mibench,ghostscript,office/ghostscript/src/zdevice2.c,compile,'arch.h' file not found
mibench,ghostscript,office/ghostscript/src/zdict.c,compile,'arch.h' file not found
mibench,ghostscript,office/ghostscript/src/zdosio.c,compile,'dos.h' file not found
mibench,ghostscript,office/ghostscript/src/zdouble.c,compile,'arch.h' file not found
mibench,ghostscript,office/ghostscript/src/zdpnext.c,compile,'arch.h' file not found
mibench,ghostscript,office/ghostscript/src/zdps.c,compile,'arch.h' file not found
mibench,ghostscript,office/ghostscript/src/zdps1.c,compile,'arch.h' file not found
mibench,ghostscript,office/ghostscript/src/zfbcp.c,compile,'arch.h' file not found
mibench,ghostscript,office/ghostscript/src/zfcmap.c,compile,'arch.h' file not found
mibench,ghostscript,office/ghostscript/src/zfdctc.c,compile,'arch.h' file not found
mibench,ghostscript,office/ghostscript/src/zfdctd.c,compile,'arch.h' file not found
mibench,ghostscript,office/ghostscript/src/zfdcte.c,compile,'arch.h' file not found
mibench,ghostscript,office/ghostscript/src/zfdecode.c,compile,'arch.h' file not found
mibench,ghostscript,office/ghostscript/src/zfile.c,compile,'arch.h' file not found
mibench,ghostscript,office/ghostscript/src/zfileio.c,compile,'arch.h' file not found
mibench,ghostscript,office/ghostscript/src/zfilter.c,compile,'arch.h' file not found
mibench,ghostscript,office/ghostscript/src/zfilter2.c,compile,'arch.h' file not found
mibench,ghostscript,office/ghostscript/src/zfilterx.c,compile,'arch.h' file not found
mibench,ghostscript,office/ghostscript/src/zfname.c,compile,'arch.h' file not found
mibench,ghostscript,office/ghostscript/src/zfont.c,compile,'arch.h' file not found
mibench,ghostscript,office/ghostscript/src/zfont0.c,compile,'arch.h' file not found
mibench,ghostscript,office/ghostscript/src/zfont1.c,compile,'arch.h' file not found
mibench,ghostscript,office/ghostscript/src/zfont2.c,compile,'arch.h' file not found
mibench,ghostscript,office/ghostscript/src/zfont42.c,compile,'arch.h' file not found
mibench,ghostscript,office/ghostscript/src/zfproc.c,compile,'arch.h' file not found
mibench,ghostscript,office/ghostscript/src/zfzlib.c,compile,'arch.h' file not found
mibench,ghostscript,office/ghostscript/src/zgeneric.c,compile,'arch.h' file not found
mibench,ghostscript,office/ghostscript/src/zgstate.c,compile,'arch.h' file not found
mibench,ghostscript,office/ghostscript/src/zhsb.c,compile,'arch.h' file not found
mibench,ghostscript,office/ghostscript/src/zht.c,compile,'arch.h' file not found
mibench,ghostscript,office/ghostscript/src/zht1.c,compile,'arch.h' file not found
mibench,ghostscript,office/ghostscript/src/zht2.c,compile,'arch.h' file not found
mibench,ghostscript,office/ghostscript/src/zimage.c,compile,'arch.h' file not found
mibench,ghostscript,office/ghostscript/src/zimage2.c,compile,'arch.h' file not found
mibench,ghostscript,office/ghostscript/src/ziodev.c,compile,'arch.h' file not found
mibench,ghostscript,office/ghostscript/src/ziodev2.c,compile,'arch.h' file not found
mibench,ghostscript,office/ghostscript/src/zmath.c,compile,'arch.h' file not found
mibench,ghostscript,office/ghostscript/src/zmatrix.c,compile,'arch.h' file not found
mibench,ghostscript,office/ghostscript/src/zmedia2.c,compile,'arch.h' file not found
mibench,ghostscript,office/ghostscript/src/zmisc.c,compile,'arch.h' file not found
mibench,ghostscript,office/ghostscript/src/zmisc1.c,compile,'arch.h' file not found
mibench,ghostscript,office/ghostscript/src/zmisc2.c,compile,'arch.h' file not found
mibench,ghostscript,office/ghostscript/src/zpacked.c,compile,'arch.h' file not found
mibench,ghostscript,office/ghostscript/src/zpaint.c,compile,'arch.h' file not found
mibench,ghostscript,office/ghostscript/src/zpath.c,compile,'arch.h' file not found
mibench,ghostscript,office/ghostscript/src/zpath1.c,compile,'arch.h' file not found
mibench,ghostscript,office/ghostscript/src/zpcolor.c,compile,'arch.h' file not found
mibench,ghostscript,office/ghostscript/src/zrelbit.c,compile,'arch.h' file not found
mibench,ghostscript,office/ghostscript/src/zrop.c,compile,'arch.h' file not found
mibench,ghostscript,office/ghostscript/src/zstack.c,compile,'arch.h' file not found
mibench,ghostscript,office/ghostscript/src/zstring.c,compile,'arch.h' file not found
mibench,ghostscript,office/ghostscript/src/zsysvm.c,compile,'arch.h' file not found
mibench,ghostscript,office/ghostscript/src/ztoken.c,compile,'arch.h' file not found
mibench,ghostscript,office/ghostscript/src/ztype.c,compile,'arch.h' file not found
mibench,ghostscript,office/ghostscript/src/zupath.c,compile,'arch.h' file not found
mibench,ghostscript,office/ghostscript/src/zusparam.c,compile,'arch.h' file not found
mibench,ghostscript,office/ghostscript/src/zvmem.c,compile,'arch.h' file not found
mibench,ghostscript,office/ghostscript/src/zvmem2.c,compile,'arch.h' file not found
mibench,ghostscript,office/ghostscript/src/zwppm.c,compile,'arch.h' file not found
mibench,ispell,office/ispell/buildhash.c,compile,'config.h' file not found
mibench,ispell,office/ispell/correct.c,compile,'config.h' file not found
mibench,ispell,office/ispell/defmt.c,compile,'config.h' file not found
mibench,ispell,office/ispell/dump.c,compile,'config.h' file not found
mibench,ispell,office/ispell/fields.c,compile,'config.h' file not found
mibench,ispell,office/ispell/good.c,compile,'config.h' file not found
mibench,ispell,office/ispell/hash.c,compile,'config.h' file not found
mibench,ispell,office/ispell/icombine.c,compile,'config.h' file not found
mibench,ispell,office/ispell/ijoin.c,compile,'config.h' file not found
mibench,ispell,office/ispell/ispell.c,compile,'config.h' file not found
mibench,ispell,office/ispell/lookup.c,compile,'config.h' file not found
mibench,ispell,office/ispell/makedent.c,compile,'config.h' file not found
mibench,ispell,office/ispell/term.c,compile,'config.h' file not found
mibench,ispell,office/ispell/tgood.c,compile,'config.h' file not found
mibench,ispell,office/ispell/tree.c,compile,'config.h' file not found
mibench,ispell,office/ispell/xgets.c,compile,'config.h' file not found
mibench,rsynth,office/rsynth/ASCII.c,compile,'config.h' file not found
mibench,rsynth,office/rsynth/aufile.c,compile,'config.h' file not found
mibench,rsynth,office/rsynth/config/NeXTplay.c,compile,'sound/sound.h' file not found
mibench,rsynth,office/rsynth/config/dummyplay.c,compile,'config.h' file not found
mibench,rsynth,office/rsynth/config/hpuxplay.c,compile,'config.h' file not found
mibench,rsynth,office/rsynth/config/linuxplay.c,compile,'config.h' file not found
mibench,rsynth,office/rsynth/config/naplay.c,compile,'audio/audiolib.h' file not found
mibench,rsynth,office/rsynth/config/pipeplay.c,compile,'config.h' file not found
mibench,rsynth,office/rsynth/config/sgiplay.c,compile,'config.h' file not found
mibench,rsynth,office/rsynth/config/sunplay.c,compile,'config.h' file not found
mibench,rsynth,office/rsynth/config/sunplay_mm.c,compile,'config.h' file not found
mibench,rsynth,office/rsynth/darray.c,compile,'config.h' file not found
mibench,rsynth,office/rsynth/def_pars.c,compile,'config.h' file not found
mibench,rsynth,office/rsynth/dict.c,compile,'config.h' file not found
mibench,rsynth,office/rsynth/dlookup.c,compile,'config.h' file not found
mibench,rsynth,office/rsynth/elements.c,compile,'config.h' file not found
mibench,rsynth,office/rsynth/english.c,compile,'config.h' file not found
mibench,rsynth,office/rsynth/getarg.c,compile,'config.h' file not found
mibench,rsynth,office/rsynth/holmes.c,compile,'config.h' file not found
mibench,rsynth,office/rsynth/mkdictdb.c,compile,'config.h' file not found
mibench,rsynth,office/rsynth/naplay.c,compile,'audio/audiolib.h' file not found
mibench,rsynth,office/rsynth/nsynth.c,compile,'config.h' file not found
mibench,rsynth,office/rsynth/phones.c,compile,'config.h' file not found
mibench,rsynth,office/rsynth/phtoelm.c,compile,'config.h' file not found
mibench,rsynth,office/rsynth/say.c,compile,'config.h' file not found
mibench,rsynth,office/rsynth/saynum.c,compile,'config.h' file not found
mibench,rsynth,office/rsynth/text.c,compile,'config.h' file not found
mibench,rsynth,office/rsynth/trie.c,compile,'config.h' file not found
mibench,sphinx,office/sphinx/src/examples/adpow.c,compile,'ad.h' file not found
mibench,sphinx,office/sphinx/src/examples/adrec.c,compile,'ad.h' file not found
mibench,sphinx,office/sphinx/src/examples/client.c,compile,'ad.h' file not found
mibench,sphinx,office/sphinx/src/examples/cont_adseg.c,compile,'ad.h' file not found
mibench,sphinx,office/sphinx/src/examples/cont_fileseg.c,compile,'ad.h' file not found
mibench,sphinx,office/sphinx/src/examples/lm3g2dmp.c,compile,static declaration of 'NewModel' follows non-static declaration
mibench,sphinx,office/sphinx/src/examples/raw2cep.c,compile,'ad.h' file not found
mibench,sphinx,office/sphinx/src/examples/server.c,compile,'ad.h' file not found
mibench,sphinx,office/sphinx/src/examples/tty-continuous.c,compile,'ad.h' file not found
mibench,sphinx,office/sphinx/src/examples/tty-ptt.c,compile,'ad.h' file not found
mibench,sphinx,office/sphinx/src/libsphinx2/blk_cdcn_norm.c,compile,function declared in block scope cannot have 'static' storage class
mibench,sphinx,office/sphinx/src/libsphinx2/cdcn_norm.c,compile,function declared in block scope cannot have 'static' storage class
mibench,sphinx,office/sphinx/src/libsphinx2/cdcn_update.c,compile,function declared in block scope cannot have 'static' storage class
mibench,sphinx,office/sphinx/src/libsphinx2/linklist.c,compile,"assignment to cast is illegal, lvalue casts are not supported"
mibench,sphinx,office/sphinx/src/libsphinx2/search.c,compile,function declared in block scope cannot have 'static' storage class
mibench,sphinx,office/sphinx/src/libsphinx2ad/ad_alsa.c,compile,'sys/asoundlib.h' file not found
mibench,sphinx,office/sphinx/src/libsphinx2ad/ad_base.c,compile,'ad.h' file not found
mibench,sphinx,office/sphinx/src/libsphinx2ad/ad_irix.c,compile,'dmedia/audio.h' file not found
mibench,sphinx,office/sphinx/src/libsphinx2ad/ad_osf.c,compile,'ad.h' file not found
mibench,sphinx,office/sphinx/src/libsphinx2ad/ad_oss.c,compile,'ad.h' file not found
mibench,sphinx,office/sphinx/src/libsphinx2ad/ad_oss_bsd.c,compile,'machine/soundcard.h' file not found
mibench,sphinx,office/sphinx/src/libsphinx2ad/ad_sunos.c,compile,'audio_utils.h' file not found
mibench,sphinx,office/sphinx/src/libsphinx2ad/audio_utils_sunos.c,compile,'stropts.h' file not found
mibench,sphinx,office/sphinx/src/libsphinx2ad/cont_ad_base.c,compile,'ad.h' file not found
mibench,sphinx,office/sphinx/src/libsphinx2ad/play_win32.c,compile,'windows.h' file not found
mibench,sphinx,office/sphinx/src/libsphinx2ad/rec_win32.c,compile,'windows.h' file not found
mibench,pgp,security/pgp/contrib/langtool/language.c,compile,unknown type name 'VOID'
mibench,pgp,security/pgp/contrib/stealth/stealth.c,compile,expected identifier or '('
mibench,pgp,security/pgp/src/amiga__main.c,compile,'ios1.h' file not found
mibench,pgp,security/pgp/src/armor.c,compile,static declaration of 'getline' follows non-static declaration
mibench,pgp,security/pgp/src/c370.c,compile,redefinition of 'dcb_flags' with a different type: 'char[50]' vs 'unsigned char[]'
mibench,pgp,security/pgp/src/fileio.c,compile,'Unknown OS' file not found
mibench,pgp,security/pgp/src/gettime.c,compile,conflicting types for 'gettimeofday'
mibench,pgp,security/pgp/src/r3000.c,compile,unknown type name 'MULTUNIT'
mibench,pgp,security/pgp/src/rsaglue2.c,compile,'rsaref.h' file not found
mibench,rijndael,security/rijndael/aesxam.c,compile,operand of type 'fpos_t' (aka 'struct _G_fpos_t') where arithmetic or pointer type is required
mibench,adpcm,telecomm/adpcm/src/sgicaudio.c,compile,'audio.h' file not found
mibench,adpcm,telecomm/adpcm/src/sgidaudio.c,compile,'audio.h' file not found
mibench,adpcm,telecomm/adpcm/src/suncaudio.c,compile,'multimedia/ulaw2linear.h' file not found
