pass_name,target,k,full_prauc,shap_removed_prauc,shap_drop,random_removed_prauc_mean,random_removed_prauc_std,random_drop_mean
simplifycfg,beneficial,1,0.7727,0.9148,-0.142,0.7838,0.0347,-0.0111
simplifycfg,beneficial,3,0.7727,0.9773,-0.2045,0.798,0.052,-0.0253
simplifycfg,beneficial,5,0.7727,0.9148,-0.142,0.802,0.0529,-0.0293
simplifycfg,beneficial,10,0.7727,0.8523,-0.0795,0.8233,0.0701,-0.0506
early-cse,beneficial,1,0.9464,0.9464,0.0,0.9464,0.0,-0.0
early-cse,beneficial,3,0.9464,0.9464,0.0,0.9464,0.0,-0.0
early-cse,beneficial,5,0.9464,0.8214,0.125,0.9464,0.0,-0.0
early-cse,beneficial,10,0.9464,0.9464,0.0,0.9464,0.0,-0.0
jump-threading,beneficial,1,0.9356,0.9773,-0.0417,0.9335,0.0207,0.0021
jump-threading,beneficial,3,0.9356,0.9773,-0.0417,0.9335,0.0308,0.0021
jump-threading,beneficial,5,0.9356,0.9773,-0.0417,0.9377,0.0246,-0.0021
jump-threading,beneficial,10,0.9356,0.8523,0.0833,0.9273,0.0408,0.0083
