pass_name,target,feature_1,feature_2,mean_abs_interaction
simplifycfg,beneficial,int_arith_count,fp_arith_count,0.0
simplifycfg,beneficial,int_arith_count,icmp_count,0.0
simplifycfg,beneficial,int_arith_count,fcmp_count,0.0
simplifycfg,beneficial,int_arith_count,load_count,0.0
simplifycfg,beneficial,int_arith_count,store_count,0.0
simplifycfg,beneficial,int_arith_count,gep_count,0.0
simplifycfg,beneficial,int_arith_count,alloca_count,0.0
simplifycfg,beneficial,int_arith_count,phi_count,0.0
simplifycfg,beneficial,int_arith_count,call_count,0.0
simplifycfg,beneficial,int_arith_count,cast_count,0.0
early-cse,beneficial,load_count,const_operands_density,0.109857
early-cse,beneficial,gep_count,const_operands_density,0.046986
early-cse,beneficial,int_arith_count,fp_arith_count,0.0
early-cse,beneficial,int_arith_count,icmp_count,0.0
early-cse,beneficial,int_arith_count,fcmp_count,0.0
early-cse,beneficial,int_arith_count,load_count,0.0
early-cse,beneficial,int_arith_count,store_count,0.0
early-cse,beneficial,int_arith_count,gep_count,0.0
early-cse,beneficial,int_arith_count,alloca_count,0.0
early-cse,beneficial,int_arith_count,phi_count,0.0
jump-threading,beneficial,int_arith_count,icmp_density,0.022178
jump-threading,beneficial,int_arith_count,icmp_count,0.02093
jump-threading,beneficial,int_arith_count,fp_arith_count,0.0
jump-threading,beneficial,int_arith_count,fcmp_count,0.0
jump-threading,beneficial,int_arith_count,load_count,0.0
jump-threading,beneficial,int_arith_count,store_count,0.0
jump-threading,beneficial,int_arith_count,gep_count,0.0
jump-threading,beneficial,int_arith_count,alloca_count,0.0
jump-threading,beneficial,int_arith_count,phi_count,0.0
jump-threading,beneficial,int_arith_count,call_count,0.0
