pass_name,feature,shap_rank,mean_abs_shap
simplifycfg,int_arith_count,1,1.584151
simplifycfg,icmp_density,2,0.234677
simplifycfg,gep_count,3,0.20706
simplifycfg,icmp_count,4,0.155582
simplifycfg,load_count,5,0.154019
simplifycfg,phi_count,6,0.129409
simplifycfg,const_operands,7,0.1134
simplifycfg,max_loop_depth_density,8,0.091271
simplifycfg,load_density,9,0.044967
simplifycfg,call_count,10,0.04238
early-cse,gep_count,1,0.852431
early-cse,icmp_density,2,0.44273
early-cse,gep_density,4,0.260874
early-cse,const_operands_density,5,0.173871
early-cse,const_operands,6,0.160278
early-cse,int_arith_count,7,0.129164
early-cse,log_inst_count,8,0.087668
early-cse,cast_density,9,0.078623
early-cse,cond_br_density,10,0.073601
jump-threading,int_arith_count,1,1.582517
jump-threading,max_loop_depth_density,2,0.359054
jump-threading,icmp_density,3,0.270337
jump-threading,load_count,4,0.257256
jump-threading,gep_count,5,0.180554
jump-threading,store_count,6,0.164423
jump-threading,icmp_count,7,0.16438
jump-threading,phi_count,8,0.144543
jump-threading,cast_density,9,0.095449
jump-threading,const_operands,10,0.086655
indvars,load_count,1,0.556449
indvars,gep_count,2,0.372808
indvars,cast_density,3,0.266279
indvars,store_count,4,0.25544
indvars,icmp_count,5,0.246063
indvars,load_density,6,0.066507
indvars,int_arith_count,8,0.062666
indvars,cast_count,9,0.061151
indvars,const_operands,10,0.037972
