pass_name,samples,errors,fired,changed_ir,decreased,equal,increased,increased_not_fired,beneficial_rate,keep_beneficial,harmful_rate,keep_harmful,fired_rate,keep_fired
sroa,2953,0,67,67,55,2890,8,0,0.0179,False,0.0027,False,0.0227,False
instcombine,2953,0,2664,2664,2148,794,11,0,0.7193,True,0.0037,False,0.9021,True
simplifycfg,2953,0,2156,2156,2083,859,11,0,0.6837,True,0.0037,False,0.7301,True
early-cse,2953,0,2035,2035,2035,918,0,0,0.681,True,0.0,False,0.6891,True
gvn,2953,0,2320,2320,2254,660,39,0,0.7565,True,0.0132,False,0.7856,True
sccp,2953,0,640,640,134,2819,0,0,0.0308,False,0.0,False,0.2167,True
adce,2953,0,271,271,270,2683,0,0,0.0596,True,0.0,False,0.0918,True
dse,2953,0,61,61,55,2892,6,0,0.0129,False,0.002,False,0.0207,False
reassociate,2953,0,1190,1190,340,2486,127,0,0.0694,True,0.043,False,0.403,True
jump-threading,2953,0,1924,1924,1889,1048,16,0,0.6153,True,0.0054,False,0.6515,True
correlated-propagation,2953,0,1787,1787,455,2470,28,0,0.1216,True,0.0095,False,0.6051,True
licm,2953,0,1197,1439,102,2126,725,242,0.0251,False,0.2455,True,0.4054,True
loop-rotate,2953,0,1589,1692,198,1315,1440,100,0.0538,True,0.4876,True,0.5381,True
indvars,2953,0,1259,1509,474,1674,805,248,0.1416,True,0.2726,True,0.4263,True
loop-deletion,2953,0,19,736,6,2223,724,711,0.0017,False,0.2452,True,0.0064,False
loop-idiom,2953,0,13,737,0,2225,728,719,0.0,False,0.2465,True,0.0044,False
loop-unroll,2953,0,336,912,2,2047,904,571,0.0007,False,0.3061,True,0.1138,True
tailcallelim,2953,0,1893,1893,0,2943,10,0,0.0,False,0.0034,False,0.641,True
