pass_name,model,pr_auc_mean,pr_auc_std,f1_mean,f1_std,mcc_mean,mcc_std
simplifycfg,majority,0.6042,0.2009,0.7391,0.169,0.0,0.0
simplifycfg,logistic_regression,0.8952,0.1298,0.9379,0.0732,0.877,0.1141
simplifycfg,random_forest,0.9091,0.1383,0.9379,0.0732,0.877,0.1141
simplifycfg,xgboost,0.8674,0.1257,0.7968,0.2391,0.7213,0.3089
early-cse,majority,0.625,0.2165,0.4445,0.3849,0.0,0.0
early-cse,logistic_regression,0.7773,0.1828,0.7758,0.042,0.5109,0.1151
early-cse,random_forest,0.9457,0.0547,0.8008,0.0739,0.5685,0.1862
early-cse,xgboost,0.9457,0.0547,0.8008,0.0739,0.5685,0.1862
gvn,majority,0.875,0.0,0.9333,0.0,0.0,0.0
gvn,logistic_regression,0.8631,0.0042,0.9333,0.0,0.0,0.0
gvn,random_forest,0.8914,0.0442,0.9333,0.0,0.0,0.0
gvn,xgboost,0.875,0.0,0.9333,0.0,0.0,0.0
jump-threading,majority,0.5625,0.1654,0.7098,0.1441,0.0,0.0
jump-threading,logistic_regression,0.8369,0.0934,0.9076,0.0497,0.7921,0.0575
jump-threading,random_forest,0.8799,0.1171,0.8694,0.0352,0.7314,0.0516
jump-threading,xgboost,0.8369,0.0934,0.7665,0.2036,0.6364,0.2146
indvars,majority,0.25,0.0,0.0,0.0,0.0,0.0
indvars,logistic_regression,0.75,0.3536,0.8334,0.2357,0.7887,0.2988
indvars,random_forest,1.0,0.0,0.3334,0.4714,0.2887,0.4083
indvars,xgboost,1.0,0.0,0.5,0.7071,0.5,0.7071
