pass_name,model,fold,pr_auc,f1,mcc,n_train,n_test,pos_rate_train,pos_rate_test
simplifycfg,majority,0,0.6875,0.8148,0.0,24,16,0.625,0.6875
simplifycfg,logistic_regression,0,0.9356,0.9565,0.8563,24,16,0.625,0.6875
simplifycfg,random_forest,0,0.9773,0.9565,0.8563,24,16,0.625,0.6875
simplifycfg,xgboost,0,0.8523,0.5333,0.3892,24,16,0.625,0.6875
simplifycfg,majority,1,0.75,0.8571,0.0,24,16,0.5833,0.75
simplifycfg,logistic_regression,1,1.0,1.0,1.0,24,16,0.5833,0.75
simplifycfg,random_forest,1,1.0,1.0,1.0,24,16,0.5833,0.75
simplifycfg,xgboost,1,1.0,1.0,1.0,24,16,0.5833,0.75
simplifycfg,majority,2,0.375,0.5455,0.0,32,8,0.7188,0.375
simplifycfg,logistic_regression,2,0.75,0.8571,0.7746,32,8,0.7188,0.375
simplifycfg,random_forest,2,0.75,0.8571,0.7746,32,8,0.7188,0.375
simplifycfg,xgboost,2,0.75,0.8571,0.7746,32,8,0.7188,0.375
early-cse,majority,0,0.5,0.6667,0.0,24,16,0.625,0.5
early-cse,logistic_regression,0,0.8021,0.8,0.5774,24,16,0.625,0.5
early-cse,random_forest,0,0.8906,0.875,0.75,24,16,0.625,0.5
early-cse,xgboost,0,0.8906,0.875,0.75,24,16,0.625,0.5
early-cse,majority,1,0.5,0.6667,0.0,24,16,0.625,0.5
early-cse,logistic_regression,1,0.5833,0.8,0.5774,24,16,0.625,0.5
early-cse,random_forest,1,1.0,0.8,0.5774,24,16,0.625,0.5
early-cse,xgboost,1,1.0,0.8,0.5774,24,16,0.625,0.5
early-cse,majority,2,0.875,0.0,0.0,32,8,0.5,0.875
early-cse,logistic_regression,2,0.9464,0.7273,0.378,32,8,0.5,0.875
early-cse,random_forest,2,0.9464,0.7273,0.378,32,8,0.5,0.875
early-cse,xgboost,2,0.9464,0.7273,0.378,32,8,0.5,0.875
gvn,majority,0,0.875,0.9333,0.0,24,16,0.9167,0.875
gvn,logistic_regression,0,0.8601,0.9333,0.0,24,16,0.9167,0.875
gvn,random_forest,0,0.9226,0.9333,0.0,24,16,0.9167,0.875
gvn,xgboost,0,0.875,0.9333,0.0,24,16,0.9167,0.875
gvn,majority,1,0.875,0.9333,0.0,24,16,0.9167,0.875
gvn,logistic_regression,1,0.8661,0.9333,0.0,24,16,0.9167,0.875
gvn,random_forest,1,0.8601,0.9333,0.0,24,16,0.9167,0.875
gvn,xgboost,1,0.875,0.9333,0.0,24,16,0.9167,0.875
jump-threading,majority,0,0.6875,0.8148,0.0,24,16,0.5417,0.6875
jump-threading,logistic_regression,0,0.9356,0.9565,0.8563,24,16,0.5417,0.6875
jump-threading,random_forest,0,0.9773,0.8421,0.6742,24,16,0.5417,0.6875
jump-threading,xgboost,0,0.9356,0.5333,0.3892,24,16,0.5417,0.6875
jump-threading,majority,1,0.625,0.7692,0.0,24,16,0.5833,0.625
jump-threading,logistic_regression,1,0.825,0.9091,0.7454,24,16,0.5833,0.625
jump-threading,random_forest,1,0.9125,0.9091,0.7454,24,16,0.5833,0.625
jump-threading,xgboost,1,0.825,0.9091,0.7454,24,16,0.5833,0.625
jump-threading,majority,2,0.375,0.5455,0.0,32,8,0.6562,0.375
jump-threading,logistic_regression,2,0.75,0.8571,0.7746,32,8,0.6562,0.375
jump-threading,random_forest,2,0.75,0.8571,0.7746,32,8,0.6562,0.375
jump-threading,xgboost,2,0.75,0.8571,0.7746,32,8,0.6562,0.375
indvars,majority,0,0.25,0.0,0.0,24,16,0.1667,0.25
indvars,logistic_regression,0,1.0,1.0,1.0,24,16,0.1667,0.25
indvars,random_forest,0,1.0,0.0,0.0,24,16,0.1667,0.25
indvars,xgboost,0,1.0,0.0,0.0,24,16,0.1667,0.25
indvars,majority,1,0.25,0.0,0.0,24,16,0.1667,0.25
indvars,logistic_regression,1,0.5,0.6667,0.5774,24,16,0.1667,0.25
indvars,random_forest,1,1.0,0.6667,0.5774,24,16,0.1667,0.25
indvars,xgboost,1,1.0,1.0,1.0,24,16,0.1667,0.25
