pass_name,method,k,pr_auc_mean,pr_auc_std,model_size_mean,inference_ms_mean
early-cse,mutual_info,5,0.8397666666666668,0.23266199374486016,200.0,0.6166666666666667
early-cse,mutual_info,10,0.9092000000000001,0.11404490343719882,200.0,0.6166666666666667
early-cse,mutual_info,15,0.9092000000000001,0.11404490343719882,200.0,0.5866666666666667
early-cse,mutual_info,20,0.9092000000000001,0.11404490343719882,200.0,0.5566666666666666
early-cse,mutual_info,30,0.9456666666666668,0.05470368665212004,200.0,0.5033333333333333
early-cse,mutual_info,68,0.9456666666666668,0.05470368665212004,200.0,0.5133333333333333
early-cse,random,5,0.8675333333333334,0.11646704827260512,200.0,0.5599999999999999
early-cse,random,10,0.8571333333333334,0.12877365154927206,200.0,0.61
early-cse,random,15,0.8675333333333334,0.11646704827260512,200.0,0.5266666666666667
early-cse,random,20,0.9092000000000001,0.11404490343719882,200.0,0.5766666666666667
early-cse,random,30,0.9092000000000001,0.11404490343719882,200.0,0.5433333333333333
early-cse,random,68,0.9456666666666668,0.05470368665212004,200.0,0.5166666666666666
early-cse,shap,5,0.9456666666666668,0.05470368665212004,200.0,0.9700000000000001
early-cse,shap,10,0.9456666666666668,0.05470368665212004,200.0,0.5366666666666666
early-cse,shap,15,0.9456666666666668,0.05470368665212004,200.0,0.5299999999999999
early-cse,shap,20,0.9456666666666668,0.05470368665212004,200.0,0.5266666666666667
early-cse,shap,30,0.9456666666666668,0.05470368665212004,200.0,0.5733333333333334
early-cse,shap,68,0.9456666666666668,0.05470368665212004,200.0,0.5966666666666667
early-cse,xgb_gain,5,0.9456666666666668,0.05470368665212004,200.0,0.5066666666666667
early-cse,xgb_gain,10,0.9456666666666668,0.05470368665212004,200.0,0.5633333333333334
early-cse,xgb_gain,15,0.9456666666666668,0.05470368665212004,200.0,0.51
early-cse,xgb_gain,20,0.9456666666666668,0.05470368665212004,200.0,0.59
early-cse,xgb_gain,30,0.9456666666666668,0.05470368665212004,200.0,0.69
early-cse,xgb_gain,68,0.9456666666666668,0.05470368665212004,200.0,0.6566666666666667
jump-threading,mutual_info,5,0.8632666666666666,0.11365193941738662,200.0,0.6266666666666666
jump-threading,mutual_info,10,0.8507666666666666,0.1158199608587972,200.0,0.6566666666666666
jump-threading,mutual_info,15,0.8507666666666666,0.1158199608587972,200.0,0.6699999999999999
jump-threading,mutual_info,20,0.8660333333333333,0.1011494109391317,200.0,0.66
jump-threading,mutual_info,30,0.8660333333333333,0.1011494109391317,200.0,0.6
jump-threading,mutual_info,68,0.8382666666666667,0.08215390029288523,200.0,0.64
jump-threading,random,5,0.8799333333333333,0.11709723879465873,200.0,0.5966666666666667
jump-threading,random,10,0.8382666666666667,0.08215390029288523,200.0,0.6533333333333333
jump-threading,random,15,0.8216,0.06221679837471548,200.0,0.5633333333333334
jump-threading,random,20,0.8216,0.06221679837471548,200.0,0.58
jump-threading,random,30,0.8216,0.06221679837471548,200.0,0.6233333333333333
jump-threading,random,68,0.8382666666666667,0.08215390029288523,200.0,0.5966666666666667
jump-threading,shap,5,0.8382666666666667,0.08215390029288523,200.0,0.65
jump-threading,shap,10,0.8382666666666667,0.08215390029288523,200.0,0.6166666666666667
jump-threading,shap,15,0.8382666666666667,0.08215390029288523,200.0,0.59
jump-threading,shap,20,0.8382666666666667,0.08215390029288523,200.0,0.6
jump-threading,shap,30,0.8382666666666667,0.08215390029288523,200.0,0.6133333333333333
jump-threading,shap,68,0.8382666666666667,0.08215390029288523,200.0,0.6766666666666667
jump-threading,xgb_gain,5,0.8382666666666667,0.08215390029288523,200.0,0.6533333333333333
jump-threading,xgb_gain,10,0.8382666666666667,0.08215390029288523,200.0,0.62
jump-threading,xgb_gain,15,0.8382666666666667,0.08215390029288523,200.0,0.56
jump-threading,xgb_gain,20,0.8382666666666667,0.08215390029288523,200.0,0.6433333333333334
jump-threading,xgb_gain,30,0.8382666666666667,0.08215390029288523,200.0,0.6666666666666666
jump-threading,xgb_gain,68,0.8382666666666667,0.08215390029288523,200.0,0.7533333333333334
simplifycfg,mutual_info,5,0.8882666666666666,0.12709450551984272,200.0,0.7133333333333333
simplifycfg,mutual_info,10,0.8882666666666666,0.12709450551984272,200.0,0.7133333333333333
simplifycfg,mutual_info,15,0.9091,0.13825132910753515,200.0,0.7366666666666667
simplifycfg,mutual_info,20,0.9091,0.13825132910753515,200.0,0.7266666666666666
simplifycfg,mutual_info,30,0.8674333333333334,0.12568517547162564,200.0,0.7166666666666667
simplifycfg,mutual_info,68,0.8674333333333334,0.12568517547162564,200.0,0.79
simplifycfg,random,5,0.8952,0.12980416017986482,200.0,0.7066666666666667
simplifycfg,random,10,0.8409,0.13825132910753518,200.0,0.77
simplifycfg,random,15,0.8674333333333334,0.12568517547162564,200.0,0.7066666666666667
simplifycfg,random,20,0.8674333333333334,0.12568517547162564,200.0,0.7399999999999999
simplifycfg,random,30,0.8674333333333334,0.12568517547162564,200.0,0.68
simplifycfg,random,68,0.8674333333333334,0.12568517547162564,200.0,0.7399999999999999
simplifycfg,shap,5,0.8674333333333334,0.12568517547162564,200.0,0.7166666666666667
simplifycfg,shap,10,0.8674333333333334,0.12568517547162564,200.0,0.7333333333333334
simplifycfg,shap,15,0.8674333333333334,0.12568517547162564,200.0,0.7033333333333333
simplifycfg,shap,20,0.8674333333333334,0.12568517547162564,200.0,0.7000000000000001
simplifycfg,shap,30,0.8674333333333334,0.12568517547162564,200.0,0.7133333333333333
simplifycfg,shap,68,0.8674333333333334,0.12568517547162564,200.0,0.6999999999999998
simplifycfg,xgb_gain,5,0.8674333333333334,0.12568517547162564,200.0,0.7066666666666667
simplifycfg,xgb_gain,10,0.8674333333333334,0.12568517547162564,200.0,0.6933333333333334
simplifycfg,xgb_gain,15,0.8674333333333334,0.12568517547162564,200.0,0.7233333333333333
simplifycfg,xgb_gain,20,0.8674333333333334,0.12568517547162564,200.0,0.7066666666666667
simplifycfg,xgb_gain,30,0.8674333333333334,0.12568517547162564,200.0,0.7033333333333333
simplifycfg,xgb_gain,68,0.8674333333333334,0.12568517547162564,200.0,0.8033333333333333
