pass_name,target,baseline,xgb_mean,bl_mean,p_value,statistic,p_holm,significant
simplifycfg,beneficial,majority,0.9091,0.6042,0.001953125,45.0,0.041016,True
early-cse,beneficial,majority,0.9457,0.625,0.001953125,45.0,0.041016,True
gvn,beneficial,majority,0.875,0.875,1.0,0.0,1.0,False
jump-threading,beneficial,majority,0.8508,0.5625,0.001953125,45.0,0.041016,True
loop-rotate,harmful,majority,0.9785,0.6458,0.001953125,45.0,0.041016,True
indvars,harmful,majority,0.8333,0.4167,0.001953125,45.0,0.041016,True
indvars,beneficial,majority,0.75,0.25,0.015625,21.0,0.25,False
simplifycfg,beneficial,logistic_regression,0.9091,0.8687,0.125,6.0,1.0,False
early-cse,beneficial,logistic_regression,0.9457,0.9162,0.125,6.0,1.0,False
gvn,beneficial,logistic_regression,0.875,0.8914,0.84375,6.0,1.0,False
jump-threading,beneficial,logistic_regression,0.8508,0.8799,1.0,0.0,1.0,False
loop-rotate,harmful,logistic_regression,0.9785,0.9924,1.0,0.0,1.0,False
indvars,harmful,logistic_regression,0.8333,0.6944,0.125,6.0,1.0,False
indvars,beneficial,logistic_regression,0.75,1.0,1.0,0.0,1.0,False
simplifycfg,beneficial,random_forest,0.9091,0.8952,0.125,6.0,1.0,False
early-cse,beneficial,random_forest,0.9457,0.9457,1.0,0.0,1.0,False
gvn,beneficial,random_forest,0.875,0.9122,1.0,0.0,1.0,False
jump-threading,beneficial,random_forest,0.8508,0.8799,1.0,0.0,1.0,False
loop-rotate,harmful,random_forest,0.9785,0.9785,1.0,0.0,1.0,False
indvars,harmful,random_forest,0.8333,0.8333,1.0,0.0,1.0,False
indvars,beneficial,random_forest,0.75,1.0,1.0,0.0,1.0,False
