pass_name,rank,feature,mean_abs_shap
simplifycfg,1,int_arith_count,1.584151
simplifycfg,2,icmp_density,0.234677
simplifycfg,3,gep_count,0.20706
simplifycfg,4,icmp_count,0.155582
simplifycfg,5,load_count,0.154019
simplifycfg,6,phi_count,0.129409
simplifycfg,7,const_operands,0.1134
simplifycfg,8,max_loop_depth_density,0.091271
simplifycfg,9,load_density,0.044967
simplifycfg,10,call_count,0.04238
simplifycfg,11,cond_br_density,0.042349
simplifycfg,12,gep_density,0.040031
simplifycfg,13,log_inst_count,0.034865
simplifycfg,14,const_operands_density,0.032561
simplifycfg,15,int_arith_density,0.024572
simplifycfg,16,bb_density,0.017998
simplifycfg,17,fp_arith_count,0.017645
simplifycfg,18,store_count,0.011488
simplifycfg,19,blocks_2_pred_density,0.008727
simplifycfg,20,cast_count,0.005811
simplifycfg,21,ret_density,0.003276
simplifycfg,22,cast_density,0.002915
simplifycfg,23,cfg_edges,0.0
simplifycfg,24,blocks_2_pred,0.0
simplifycfg,25,cond_br_count,0.0
simplifycfg,26,switch_count,0.0
simplifycfg,27,invoke_count,0.0
simplifycfg,28,uncond_br_count,0.0
simplifycfg,29,ret_count,0.0
simplifycfg,30,fcmp_count,0.0
simplifycfg,31,alloca_count,0.0
simplifycfg,32,bb_count,0.0
simplifycfg,33,intrinsic_call_count,0.0
simplifycfg,34,self_recursive_call_count,0.0
simplifycfg,35,phi_args_total,0.0
simplifycfg,36,direct_call_count,0.0
simplifycfg,37,blocks_gt2_succ,0.0
simplifycfg,38,blocks_gt2_pred,0.0
simplifycfg,39,blocks_1_succ,0.0
simplifycfg,40,blocks_2_succ,0.0
simplifycfg,41,blocks_1_pred,0.0
simplifycfg,42,phi_density,0.0
simplifycfg,43,store_density,0.0
simplifycfg,44,call_density,0.0
simplifycfg,45,select_density,0.0
simplifycfg,46,alloca_density,0.0
simplifycfg,47,fcmp_density,0.0
simplifycfg,48,fp_arith_density,0.0
simplifycfg,49,uncond_br_density,0.0
simplifycfg,50,switch_density,0.0
simplifycfg,51,invoke_density,0.0
simplifycfg,52,cfg_edges_density,0.0
simplifycfg,53,blocks_gt2_pred_density,0.0
simplifycfg,54,blocks_1_succ_density,0.0
simplifycfg,55,blocks_2_succ_density,0.0
simplifycfg,56,blocks_1_pred_density,0.0
simplifycfg,57,blocks_gt2_succ_density,0.0
simplifycfg,58,phi_args_total_density,0.0
simplifycfg,59,direct_call_density,0.0
simplifycfg,60,intrinsic_call_density,0.0
simplifycfg,61,self_recursive_call_density,0.0
simplifycfg,62,loop_count,0.0
simplifycfg,63,max_loop_depth,0.0
simplifycfg,64,select_count,0.0
simplifycfg,65,loop_count_density,0.0
early-cse,1,gep_count,0.852431
early-cse,2,icmp_density,0.44273
early-cse,3,int_arith_density,0.314605
early-cse,4,gep_density,0.260874
early-cse,5,const_operands_density,0.173871
early-cse,6,const_operands,0.160278
early-cse,7,int_arith_count,0.129164
early-cse,8,log_inst_count,0.087668
early-cse,9,cast_density,0.078623
early-cse,10,cond_br_density,0.073601
early-cse,11,store_count,0.057876
early-cse,12,load_density,0.053052
early-cse,13,load_count,0.028442
early-cse,14,blocks_2_pred_density,0.02637
early-cse,15,fp_arith_count,0.025758
early-cse,16,icmp_count,0.022812
early-cse,17,bb_density,0.01384
early-cse,18,phi_count,0.012931
early-cse,19,blocks_2_succ_density,0.012805
early-cse,20,ret_density,0.009854
early-cse,21,max_loop_depth_density,0.008022
early-cse,22,store_density,0.002771
early-cse,23,cfg_edges_density,0.001732
early-cse,24,fp_arith_density,0.000429
early-cse,25,cast_count,0.000394
early-cse,26,cond_br_count,0.0
early-cse,27,invoke_count,0.0
early-cse,28,switch_count,0.0
early-cse,29,ret_count,0.0
early-cse,30,fcmp_count,0.0
early-cse,31,call_count,0.0
early-cse,32,alloca_count,0.0
early-cse,33,intrinsic_call_count,0.0
early-cse,34,self_recursive_call_count,0.0
early-cse,35,phi_args_total,0.0
early-cse,36,direct_call_count,0.0
early-cse,37,blocks_gt2_succ,0.0
early-cse,38,blocks_gt2_pred,0.0
early-cse,39,blocks_1_succ,0.0
early-cse,40,blocks_2_succ,0.0
early-cse,41,blocks_1_pred,0.0
early-cse,42,cfg_edges,0.0
early-cse,43,bb_count,0.0
early-cse,44,blocks_2_pred,0.0
early-cse,45,uncond_br_count,0.0
early-cse,46,phi_density,0.0
early-cse,47,fcmp_density,0.0
early-cse,48,alloca_density,0.0
early-cse,49,uncond_br_density,0.0
early-cse,50,switch_density,0.0
early-cse,51,invoke_density,0.0
early-cse,52,select_density,0.0
early-cse,53,call_density,0.0
early-cse,54,blocks_1_pred_density,0.0
early-cse,55,blocks_1_succ_density,0.0
early-cse,56,blocks_gt2_pred_density,0.0
early-cse,57,blocks_gt2_succ_density,0.0
early-cse,58,phi_args_total_density,0.0
early-cse,59,direct_call_density,0.0
early-cse,60,intrinsic_call_density,0.0
early-cse,61,self_recursive_call_density,0.0
early-cse,62,loop_count,0.0
early-cse,63,max_loop_depth,0.0
early-cse,64,select_count,0.0
early-cse,65,loop_count_density,0.0
jump-threading,1,int_arith_count,1.582517
jump-threading,2,max_loop_depth_density,0.359054
jump-threading,3,icmp_density,0.270337
jump-threading,4,load_count,0.257256
jump-threading,5,gep_count,0.180554
jump-threading,6,store_count,0.164423
jump-threading,7,icmp_count,0.16438
jump-threading,8,phi_count,0.144543
jump-threading,9,cast_density,0.095449
jump-threading,10,const_operands,0.086655
jump-threading,11,load_density,0.077635
jump-threading,12,cond_br_density,0.062229
jump-threading,13,fp_arith_count,0.047353
jump-threading,14,call_count,0.047004
jump-threading,15,gep_density,0.041464
jump-threading,16,log_inst_count,0.025325
jump-threading,17,const_operands_density,0.024768
jump-threading,18,bb_density,0.018619
jump-threading,19,blocks_2_pred_density,0.00787
jump-threading,20,int_arith_density,0.004173
jump-threading,21,cast_count,0.00314
jump-threading,22,ret_density,0.002324
jump-threading,23,cfg_edges_density,0.00066
jump-threading,24,blocks_2_pred,0.0
jump-threading,25,cond_br_count,0.0
jump-threading,26,switch_count,0.0
jump-threading,27,invoke_count,0.0
jump-threading,28,uncond_br_count,0.0
jump-threading,29,ret_count,0.0
jump-threading,30,fcmp_count,0.0
jump-threading,31,alloca_count,0.0
jump-threading,32,bb_count,0.0
jump-threading,33,intrinsic_call_count,0.0
jump-threading,34,self_recursive_call_count,0.0
jump-threading,35,phi_args_total,0.0
jump-threading,36,direct_call_count,0.0
jump-threading,37,blocks_gt2_succ,0.0
jump-threading,38,blocks_gt2_pred,0.0
jump-threading,39,blocks_1_succ,0.0
jump-threading,40,blocks_2_succ,0.0
jump-threading,41,blocks_1_pred,0.0
jump-threading,42,cfg_edges,0.0
jump-threading,43,store_density,0.0
jump-threading,44,call_density,0.0
jump-threading,45,phi_density,0.0
jump-threading,46,alloca_density,0.0
jump-threading,47,fcmp_density,0.0
jump-threading,48,fp_arith_density,0.0
jump-threading,49,uncond_br_density,0.0
jump-threading,50,switch_density,0.0
jump-threading,51,invoke_density,0.0
jump-threading,52,select_density,0.0
jump-threading,53,blocks_gt2_pred_density,0.0
jump-threading,54,blocks_1_succ_density,0.0
jump-threading,55,blocks_2_succ_density,0.0
jump-threading,56,blocks_1_pred_density,0.0
jump-threading,57,blocks_gt2_succ_density,0.0
jump-threading,58,phi_args_total_density,0.0
jump-threading,59,direct_call_density,0.0
jump-threading,60,intrinsic_call_density,0.0
jump-threading,61,self_recursive_call_density,0.0
jump-threading,62,loop_count,0.0
jump-threading,63,max_loop_depth,0.0
jump-threading,64,select_count,0.0
jump-threading,65,loop_count_density,0.0
indvars,1,load_count,0.556449
indvars,2,gep_count,0.372808
indvars,3,cast_density,0.266279
indvars,4,store_count,0.25544
indvars,5,icmp_count,0.246063
indvars,6,load_density,0.066507
indvars,7,icmp_density,0.064146
indvars,8,int_arith_count,0.062666
indvars,9,cast_count,0.061151
indvars,10,const_operands,0.037972
indvars,11,max_loop_depth_density,0.019978
indvars,12,cond_br_density,0.015745
indvars,13,fp_arith_count,0.013198
indvars,14,const_operands_density,0.008781
indvars,15,int_arith_density,0.007147
indvars,16,gep_density,0.006141
indvars,17,cond_br_count,0.0
indvars,18,switch_count,0.0
indvars,19,uncond_br_count,0.0
indvars,20,bb_count,0.0
indvars,21,blocks_2_pred,0.0
indvars,22,blocks_gt2_pred,0.0
indvars,23,cfg_edges,0.0
indvars,24,blocks_1_pred,0.0
indvars,25,blocks_2_succ,0.0
indvars,26,blocks_1_succ,0.0
indvars,27,alloca_count,0.0
indvars,28,select_count,0.0
indvars,29,ret_count,0.0
indvars,30,invoke_count,0.0
indvars,31,call_count,0.0
indvars,32,phi_count,0.0
indvars,33,log_inst_count,0.0
indvars,34,self_recursive_call_count,0.0
indvars,35,intrinsic_call_count,0.0
indvars,36,direct_call_count,0.0
indvars,37,blocks_gt2_succ,0.0
indvars,38,phi_args_total,0.0
indvars,39,fcmp_density,0.0
indvars,40,store_density,0.0
indvars,41,phi_density,0.0
indvars,42,alloca_density,0.0
indvars,43,select_density,0.0
indvars,44,call_density,0.0
indvars,45,ret_density,0.0
indvars,46,invoke_density,0.0
indvars,47,switch_density,0.0
indvars,48,fp_arith_density,0.0
indvars,49,uncond_br_density,0.0
indvars,50,bb_density,0.0
indvars,51,blocks_1_pred_density,0.0
indvars,52,cfg_edges_density,0.0
indvars,53,blocks_gt2_pred_density,0.0
indvars,54,blocks_1_succ_density,0.0
indvars,55,blocks_2_succ_density,0.0
indvars,56,blocks_2_pred_density,0.0
indvars,57,blocks_gt2_succ_density,0.0
indvars,58,phi_args_total_density,0.0
indvars,59,direct_call_density,0.0
indvars,60,intrinsic_call_density,0.0
indvars,61,self_recursive_call_density,0.0
indvars,62,loop_count,0.0
indvars,63,max_loop_depth,0.0
indvars,64,fcmp_count,0.0
indvars,65,loop_count_density,0.0
