pass_name,target,feature,rank_without_size,rank_with_size
simplifycfg,beneficial,int_arith_count,1,1
simplifycfg,beneficial,icmp_density,2,2
simplifycfg,beneficial,gep_count,3,3
simplifycfg,beneficial,icmp_count,4,4
simplifycfg,beneficial,fcmp_count,5,N/A
simplifycfg,beneficial,load_count,6,6
simplifycfg,beneficial,store_count,7,N/A
simplifycfg,beneficial,fp_arith_count,8,N/A
simplifycfg,beneficial,phi_count,9,7
simplifycfg,beneficial,call_count,10,N/A
early-cse,beneficial,int_arith_density,1,2
early-cse,beneficial,const_operands_density,2,5
early-cse,beneficial,cast_density,3,8
early-cse,beneficial,gep_count,4,1
early-cse,beneficial,load_count,5,N/A
early-cse,beneficial,store_count,6,N/A
early-cse,beneficial,fcmp_count,7,N/A
early-cse,beneficial,icmp_count,8,N/A
early-cse,beneficial,phi_count,9,N/A
early-cse,beneficial,call_count,10,N/A
jump-threading,beneficial,int_arith_count,1,1
jump-threading,beneficial,icmp_density,2,3
jump-threading,beneficial,cast_density,3,8
jump-threading,beneficial,load_count,4,2
jump-threading,beneficial,gep_count,5,4
jump-threading,beneficial,icmp_count,6,9
jump-threading,beneficial,fcmp_count,7,N/A
jump-threading,beneficial,fp_arith_count,8,N/A
jump-threading,beneficial,phi_count,9,7
jump-threading,beneficial,call_count,10,N/A
