int_arith_count,fp_arith_count,icmp_count,fcmp_count,load_count,store_count,gep_count,alloca_count,phi_count,call_count,cast_count,select_count,ret_count,invoke_count,switch_count,cond_br_count,uncond_br_count,bb_count,cfg_edges,blocks_1_pred,blocks_2_pred,blocks_gt2_pred,blocks_1_succ,blocks_2_succ,blocks_gt2_succ,phi_args_total,const_operands,direct_call_count,intrinsic_call_count,self_recursive_call_count,log_inst_count,inst_count,int_arith_density,fp_arith_density,icmp_density,fcmp_density,load_density,store_density,gep_density,alloca_density,phi_density,call_density,cast_density,select_density,ret_density,invoke_density,switch_density,cond_br_density,uncond_br_density,bb_density,cfg_edges_density,blocks_1_pred_density,blocks_2_pred_density,blocks_gt2_pred_density,blocks_1_succ_density,blocks_2_succ_density,blocks_gt2_succ_density,phi_args_total_density,const_operands_density,direct_call_density,intrinsic_call_density,self_recursive_call_density,loop_count,max_loop_depth,loop_count_density,max_loop_depth_density,suite,program,function,ir_hash
0,0,2,0,3,0,11,2,0,14,0,0,1,0,0,2,1,4,5,2,0,1,1,2,0,0,22,14,0,0,3.6109179126442243,36,0.0,0.0,0.05555555555555555,0.0,0.08333333333333333,0.0,0.3055555555555556,0.05555555555555555,0.0,0.3888888888888889,0.0,0.0,0.027777777777777776,0.0,0.0,0.05555555555555555,0.027777777777777776,0.1111111111111111,0.1388888888888889,0.05555555555555555,0.0,0.027777777777777776,0.027777777777777776,0.05555555555555555,0.0,0.0,0.6111111111111112,0.3888888888888889,0.0,0.0,0,0,0.0,0.0,polybench,2mm,main,36286c84d1de5608
21,4,8,0,0,6,8,0,8,0,16,0,1,0,0,8,24,33,40,24,8,0,24,8,0,16,6,0,0,0,4.653960350157523,104,0.20192307692307693,0.038461538461538464,0.07692307692307693,0.0,0.0,0.057692307692307696,0.07692307692307693,0.0,0.07692307692307693,0.0,0.15384615384615385,0.0,0.009615384615384616,0.0,0.0,0.07692307692307693,0.23076923076923078,0.3173076923076923,0.38461538461538464,0.23076923076923078,0.07692307692307693,0.0,0.23076923076923078,0.07692307692307693,0.0,0.15384615384615385,0.057692307692307696,0.0,0.0,0.0,8,2,0.07692307692307693,0.019230769230769232,polybench,2mm,init_array,544929a107080a2e
6,2,6,0,7,4,16,0,6,2,16,0,1,0,0,6,18,25,30,18,6,0,18,6,0,12,9,0,2,0,4.51085950651685,90,0.06666666666666667,0.022222222222222223,0.06666666666666667,0.0,0.07777777777777778,0.044444444444444446,0.17777777777777778,0.0,0.06666666666666667,0.022222222222222223,0.17777777777777778,0.0,0.011111111111111112,0.0,0.0,0.06666666666666667,0.2,0.2777777777777778,0.3333333333333333,0.2,0.06666666666666667,0.0,0.2,0.06666666666666667,0.0,0.13333333333333333,0.1,0.0,0.022222222222222223,0.0,6,3,0.06666666666666667,0.03333333333333333,polybench,2mm,kernel_2mm,f672ef210b0dd29a
5,0,3,0,7,0,2,0,2,6,2,0,1,0,0,3,7,11,13,7,3,0,7,3,0,4,1,6,0,0,3.6635616461296463,38,0.13157894736842105,0.0,0.07894736842105263,0.0,0.18421052631578946,0.0,0.05263157894736842,0.0,0.05263157894736842,0.15789473684210525,0.05263157894736842,0.0,0.02631578947368421,0.0,0.0,0.07894736842105263,0.18421052631578946,0.2894736842105263,0.34210526315789475,0.18421052631578946,0.07894736842105263,0.0,0.18421052631578946,0.07894736842105263,0.0,0.10526315789473684,0.02631578947368421,0.15789473684210525,0.0,0.0,2,2,0.05263157894736842,0.05263157894736842,polybench,2mm,print_array,d4840a4bf34f7e83
0,0,2,0,1,0,8,0,0,12,0,0,1,0,0,2,1,4,5,2,0,1,1,2,0,0,16,12,0,0,3.332204510175204,27,0.0,0.0,0.07407407407407407,0.0,0.037037037037037035,0.0,0.2962962962962963,0.0,0.0,0.4444444444444444,0.0,0.0,0.037037037037037035,0.0,0.0,0.07407407407407407,0.037037037037037035,0.14814814814814814,0.18518518518518517,0.07407407407407407,0.0,0.037037037037037035,0.037037037037037035,0.07407407407407407,0.0,0.0,0.5925925925925926,0.4444444444444444,0.0,0.0,0,0,0.0,0.0,polybench,atax,main,a7203da1e888f07a
6,3,3,0,0,2,3,0,3,0,7,0,1,0,0,3,9,13,15,9,3,0,9,3,0,6,3,0,0,0,3.713572066704308,40,0.15,0.075,0.075,0.0,0.0,0.05,0.075,0.0,0.075,0.0,0.175,0.0,0.025,0.0,0.0,0.075,0.225,0.325,0.375,0.225,0.075,0.0,0.225,0.075,0.0,0.15,0.075,0.0,0.0,0.0,3,2,0.075,0.05,polybench,atax,init_array,6c56bb3fa202944d
4,0,4,0,6,4,12,0,4,2,12,0,1,0,0,4,12,17,20,12,4,0,12,4,0,8,4,0,2,0,4.189654742026425,65,0.06153846153846154,0.0,0.06153846153846154,0.0,0.09230769230769231,0.06153846153846154,0.18461538461538463,0.0,0.06153846153846154,0.03076923076923077,0.18461538461538463,0.0,0.015384615384615385,0.0,0.0,0.06153846153846154,0.18461538461538463,0.26153846153846155,0.3076923076923077,0.18461538461538463,0.06153846153846154,0.0,0.18461538461538463,0.06153846153846154,0.0,0.12307692307692308,0.06153846153846154,0.0,0.03076923076923077,0.0,4,2,0.06153846153846154,0.03076923076923077,polybench,atax,kernel_atax,3921b687bed7609c
2,0,2,0,7,0,1,0,1,6,1,0,1,0,0,2,4,7,8,4,2,0,4,2,0,2,0,6,0,0,3.332204510175204,27,0.07407407407407407,0.0,0.07407407407407407,0.0,0.25925925925925924,0.0,0.037037037037037035,0.0,0.037037037037037035,0.2222222222222222,0.037037037037037035,0.0,0.037037037037037035,0.0,0.0,0.07407407407407407,0.14814814814814814,0.25925925925925924,0.2962962962962963,0.14814814814814814,0.07407407407407407,0.0,0.14814814814814814,0.07407407407407407,0.0,0.07407407407407407,0.0,0.2222222222222222,0.0,0.0,1,1,0.037037037037037035,0.037037037037037035,polybench,atax,print_array,2318f9dd22e7ef29
0,0,2,0,1,0,11,0,0,14,0,0,1,0,0,2,1,4,5,2,0,1,1,2,0,0,22,14,0,0,3.4965075614664802,32,0.0,0.0,0.0625,0.0,0.03125,0.0,0.34375,0.0,0.0,0.4375,0.0,0.0,0.03125,0.0,0.0,0.0625,0.03125,0.125,0.15625,0.0625,0.0,0.03125,0.03125,0.0625,0.0,0.0,0.6875,0.4375,0.0,0.0,0,0,0.0,0.0,polybench,bicg,main,79c1da6214f3c6db
8,3,3,0,0,3,4,0,3,0,10,0,1,0,0,3,9,13,15,9,3,0,9,3,0,6,1,0,0,0,3.871201010907891,47,0.1702127659574468,0.06382978723404255,0.06382978723404255,0.0,0.0,0.06382978723404255,0.0851063829787234,0.0,0.06382978723404255,0.0,0.2127659574468085,0.0,0.02127659574468085,0.0,0.0,0.06382978723404255,0.19148936170212766,0.2765957446808511,0.3191489361702128,0.19148936170212766,0.06382978723404255,0.0,0.19148936170212766,0.06382978723404255,0.0,0.1276595744680851,0.02127659574468085,0.0,0.0,0.0,3,2,0.06382978723404255,0.0425531914893617,polybench,bicg,init_array,e8d68727219ebe8c
3,0,3,0,6,4,12,0,3,2,12,0,1,0,0,3,9,13,15,9,3,0,9,3,0,6,4,0,2,0,4.07753744390572,58,0.05172413793103448,0.0,0.05172413793103448,0.0,0.10344827586206896,0.06896551724137931,0.20689655172413793,0.0,0.05172413793103448,0.034482758620689655,0.20689655172413793,0.0,0.017241379310344827,0.0,0.0,0.05172413793103448,0.15517241379310345,0.22413793103448276,0.25862068965517243,0.15517241379310345,0.05172413793103448,0.0,0.15517241379310345,0.05172413793103448,0.0,0.10344827586206896,0.06896551724137931,0.0,0.034482758620689655,0.0,3,2,0.05172413793103448,0.034482758620689655,polybench,bicg,kernel_bicg,633bac88a5d72c5f
4,0,4,0,12,0,2,0,2,10,2,0,1,0,0,4,8,13,16,8,4,0,8,4,0,4,0,10,0,0,3.912023005428146,49,0.08163265306122448,0.0,0.08163265306122448,0.0,0.24489795918367346,0.0,0.04081632653061224,0.0,0.04081632653061224,0.20408163265306123,0.04081632653061224,0.0,0.02040816326530612,0.0,0.0,0.08163265306122448,0.16326530612244897,0.2653061224489796,0.32653061224489793,0.16326530612244897,0.08163265306122448,0.0,0.16326530612244897,0.08163265306122448,0.0,0.08163265306122448,0.0,0.20408163265306123,0.0,0.0,2,1,0.04081632653061224,0.02040816326530612,polybench,bicg,print_array,0b78b51de95fa329
